state_name,NBS_est_2016,weight_2016,pop_est_2025,pop_est_2030,women_15_49_weight,children_0_5_weight,weight_urban_2021,weight_rural_2021,pop_est_women_15_49_2025,pop_est_women_15_49_2030,pop_est_children_0_5_2025,pop_est_children_0_5_2030,pop_est_rural_women_15_49_2025,pop_est_rural_women_15_49_2030,pop_est_rural_children_0_5_2025,pop_est_rural_children_0_5_2030
Abia,3727347,0.02,4575431,5055164,0.018,0.016,0.192,0.808,1309649.318,1548905.972,611169.682,722822.787,1058196.649,1251516.025,493825.103,584040.8119
Adamawa,4248436,0.02,5215084,5761884,0.023,0.023,0.225,0.775,1673440.796,1979157.631,878556.4178,1039057.756,1296916.617,1533847.164,680881.2238,805269.7611
Akwa Ibom,5482177,0.03,6729538,7435128,0.023,0.022,0.072,0.928,1673440.796,1979157.631,840358.3127,993881.3321,1552953.059,1836658.282,779852.5142,922321.8762
Anambra,5527809,0.03,6785553,7497016,0.032,0.022,0.853,0.147,2328265.455,2753610.617,840358.3127,993881.3321,342255.0219,404780.7607,123532.672,146100.5558
Bauchi,6537314,0.03,8024751,8866143,0.035,0.05,0.137,0.863,2546540.341,3011761.612,1909905.256,2258821.209,2197664.315,2599150.271,1648248.236,1949362.704
Bayelsa,2277961,0.01,2796266,3089454,0.012,0.009,0.309,0.691,873099.5456,1032603.981,343782.9461,406587.8177,603311.786,713529.3511,237554.0158,280952.182
Benue,5741815,0.03,7048252,7787259,0.03,0.03,0.158,0.842,2182748.864,2581509.953,1145943.154,1355292.726,1837874.544,2173631.381,964884.1354,1141156.475
Borno,5860183,0.03,7193552,7947794,0.026,0.03,0.548,0.452,1891715.682,2237308.626,1145943.154,1355292.726,855055.4884,1011263.499,517966.3055,612592.312
Cross River,3866269,0.02,4745962,5243575,0.021,0.016,0.186,0.814,1527924.205,1807056.967,611169.682,722822.787,1243730.303,1470944.371,497492.1211,588377.7486
Delta,5663362,0.03,6951948,7680858,0.027,0.02,0.559,0.441,1964473.978,2323358.958,763962.1024,903528.4837,866333.0242,1024601.301,336907.2872,398456.0613
Ebonyi,2880383,0.01,3535757,3906480,0.018,0.016,0.842,0.158,1309649.318,1548905.972,611169.682,722822.787,206924.5923,244727.1436,96564.80975,114206.0003
Edo,4235595,0.02,5199321,5744468,0.024,0.017,0.613,0.387,1746199.091,2065207.963,649367.7871,767999.2112,675779.0483,799235.4816,251305.3336,297215.6947
Ekiti,3270798,0.02,4015004,4435975,0.015,0.013,0.814,0.186,1091374.432,1290754.977,496575.3666,587293.5144,202995.6444,240080.4257,92363.01818,109236.5937
Enugu,4411119,0.02,5414782,5982520,0.024,0.018,0.778,0.222,1746199.091,2065207.963,687565.8922,813175.6353,387656.1983,458476.1677,152639.6281,180524.991
Gombe,3256962,0.02,3998020,4417211,0.017,0.021,0.234,0.766,1236891.023,1462855.64,802160.2076,948704.9079,947458.5236,1120547.42,614454.719,726707.9595
Imo,5408756,0.03,6639412,7335552,0.024,0.017,0.647,0.353,1746199.091,2065207.963,649367.7871,767999.2112,616408.2792,729018.4109,229226.8288,271103.7215
Jigawa,5828163,0.03,7154247,7904367,0.027,0.042,0.14,0.86,1964473.978,2323358.958,1604320.415,1897409.816,1689447.621,1998088.704,1379715.557,1631772.442
Kaduna,8252366,0.04,10130029,11192159,0.04,0.045,0.425,0.575,2910331.819,3442013.271,1718914.73,2032939.088,1673440.796,1979157.631,988375.97,1168939.976
Kano,13076892,0.07,16052281,17735357,0.067,0.079,0.438,0.562,4874805.797,5765372.229,3017650.305,3568937.511,2739640.858,3240139.193,1695919.471,2005742.881
Katsina,7831319,0.04,9613181,10621120,0.041,0.061,0.225,0.775,2983090.114,3528063.603,2330084.412,2755761.875,2311894.839,2734249.292,1805815.42,2135715.453
Kebbi,4440050,0.02,5450296,6021758,0.023,0.033,0.165,0.835,1673440.796,1979157.631,1260537.469,1490821.998,1397323.065,1652596.622,1052548.787,1244836.368
Kogi,4473490,0.02,5491345,6067110,0.022,0.018,0.356,0.644,1600682.5,1893107.299,687565.8922,813175.6353,1030839.53,1219161.101,442792.4346,523685.1092
Kwara,3192893,0.02,3919373,4330318,0.016,0.016,0.762,0.238,1164132.728,1376805.309,611169.682,722822.787,277063.5892,327679.6634,145458.3843,172031.8233
Lagos,12550598,0.06,15406239,17021578,0.073,0.057,0.972,0.028,5311355.569,6281674.22,2177291.992,2575056.179,148717.9559,175886.8782,60964.17577,72101.573
Nasarawa,2523395,0.01,3097544,3422320,0.014,0.014,0.341,0.659,1018616.137,1204704.645,534773.4717,632469.9386,671268.034,793900.361,352415.7179,416797.6895
Niger,5556247,0.03,6820462,7535585,0.031,0.033,0.242,0.758,2255507.16,2667560.285,1260537.469,1490821.998,1709674.427,2022010.696,955487.4015,1130043.075
Ogun,5217716,0.03,6404905,7076457,0.031,0.027,0.487,0.513,2255507.16,2667560.285,1031348.838,1219763.453,1157075.173,1368458.426,529081.954,625738.6514
Ondo,4671695,0.02,5734647,6335923,0.027,0.018,0.535,0.465,1964473.978,2323358.958,687565.8922,813175.6353,913480.3996,1080361.916,319718.1399,378126.6704
Osun,4705589,0.02,5776253,6381891,0.021,0.017,0.751,0.249,1527924.205,1807056.967,649367.7871,767999.2112,380453.127,449957.1849,161692.579,191231.8036
Oyo,7840864,0.04,9624898,10634065,0.037,0.031,0.805,0.195,2692056.932,3183862.276,1184141.259,1400469.15,524951.1018,620853.1438,230907.5455,273091.4842
Plateau,4200442,0.02,5156170,5696792,0.022,0.022,0.276,0.724,1600682.5,1893107.299,840358.3127,993881.3321,1158894.13,1370609.685,608419.4184,719570.0844
Rivers,7303924,0.04,8965788,9905848,0.039,0.029,0.527,0.473,2837573.523,3355962.94,1107745.049,1310116.301,1342172.277,1587370.47,523963.408,619685.0106
Sokoto,4998090,0.03,6135307,6778592,0.028,0.032,0.195,0.805,2037232.273,2409409.29,1222339.364,1445645.574,1639971.98,1939574.478,983983.1879,1163744.687
Taraba,3066834,0.02,3764632,4159352,0.016,0.02,0.194,0.806,1164132.728,1376805.309,763962.1024,903528.4837,938290.9784,1109705.079,615753.4546,728243.9579
Yobe,3294137,0.02,4043653,4467629,0.015,0.024,0.213,0.787,1091374.432,1290754.977,916754.5229,1084234.18,858911.678,1015824.167,721485.8095,853292.3
Zamfara,4515427,0.02,5542823,6123987,0.024,0.03,0.28,0.72,1746199.091,2065207.963,1145943.154,1355292.726,1257263.346,1486949.733,825079.0706,975810.7624
Federal Capital Territory,3564126,0.02,4375073,4833798,0.016,0.013,0.647,0.353,1164132.728,1376805.309,496575.3666,587293.5144,410938.8528,486012.2739,175291.1044,207314.6106
NIGERIA TOTAL,193500543,,237527781,262432485,,,,,72685537.17,85964281.45,38236303.23,45221600.61,39123226.85,46270554.15,22292566.94,26365141.86
