zone,crop,crop_equivalent_low,crop_equivalent_kg_person_year,crop_equivalent_high
1. North Central,Cassava,78.85753208189277,89.23083919541823,103.90715708708517
1. North Central,Cocoyam,0.4077475554690789,0.4077475554690789,0.4077475554690789
1. North Central,Cowpea,10.842221901296881,10.842221901296881,10.842221901296881
1. North Central,Groundnut,1.4214138246792707,1.4924887626378045,1.5635637005963385
1. North Central,Maize,23.229158937120562,24.987651866492246,27.069919749788465
1. North Central,Millet,5.413615891477421,5.413615891477421,5.413615891477421
1. North Central,Plantain,1.2008040202026158,1.2008040202026158,1.2008040202026158
1. North Central,Potato,2.5486038536829914,2.5486038536829914,2.5486038536829914
1. North Central,Rice,26.218000950141672,26.218000950141672,26.218000950141672
1. North Central,Sorghum,16.251231380954,16.251231380954,16.251231380954
1. North Central,Soybean,1.0768569196837323,1.0768569196837323,1.0768569196837323
1. North Central,Sweet potato,6.188728204785694,6.188728204785694,6.188728204785694
1. North Central,Wheat,0.4665476034584327,0.521900708953501,0.5495772617010352
1. North Central,Yam,59.110181360401015,60.09767644919156,61.315587058699904
2. North East,Cassava,63.57062812052343,65.54746658433292,68.27080296372729
2. North East,Cocoyam,0.10422856734106516,0.10422856734106516,0.10422856734106516
2. North East,Cowpea,9.102962280857074,9.102962280857074,9.102962280857074
2. North East,Groundnut,1.5221508210994332,1.5646139415234561,1.6070770619474795
2. North East,Maize,28.39850321310439,30.375485171170148,32.7726537221793
2. North East,Millet,13.21250057954993,13.21250057954993,13.21250057954993
2. North East,Plantain,0.051659501799741644,0.051659501799741644,0.051659501799741644
2. North East,Potato,0.33219640554526103,0.33219640554526103,0.33219640554526103
2. North East,Rice,20.624784132890763,20.624784132890763,20.624784132890763
2. North East,Sorghum,29.012469159109667,29.012469159109667,29.012469159109667
2. North East,Soybean,0.8751593366914965,0.8751593366914965,0.8751593366914965
2. North East,Sweet potato,5.162654342255194,5.162654342255194,5.162654342255194
2. North East,Wheat,0.3651798963009781,0.4085063246756704,0.4301695388630165
2. North East,Yam,8.074026287830975,8.077317745460329,8.081377209869865
3. North West,Cassava,53.94863019761434,60.25888427734957,69.59268285296305
3. North West,Cocoyam,0.24760406906106977,0.24760406906106977,0.24760406906106977
3. North West,Cowpea,9.24549997643131,9.24549997643131,9.24549997643131
3. North West,Groundnut,0.7537445508570093,0.7732945518857592,0.7928445529145093
3. North West,Maize,24.440145370161364,25.623843967043136,27.061721376447643
3. North West,Millet,23.78755192100368,23.78755192100368,23.78755192100368
3. North West,Plantain,0.16897978948367412,0.16897978948367412,0.16897978948367412
3. North West,Potato,0.24591704868181768,0.24591704868181768,0.24591704868181768
3. North West,Rice,26.892093626588895,26.892093626588895,26.892093626588895
3. North West,Sorghum,40.08699026008393,40.08699026008393,40.08699026008393
3. North West,Soybean,2.667469857338889,2.667469857338889,2.667469857338889
3. North West,Sweet potato,5.078085226353736,5.078085226353736,5.078085226353736
3. North West,Wheat,1.4592069876501932,1.6323332404222504,1.7188963668082784
3. North West,Yam,5.145075902458956,5.150378548857647,5.156918479416032
4. South East,Cassava,133.68500764927313,154.74937149645248,186.09869934766377
4. South East,Cocoyam,5.546484673351984,5.546484673351984,5.546484673351984
4. South East,Cowpea,10.64250789557178,10.64250789557178,10.64250789557178
4. South East,Groundnut,1.8319937453111401,1.910224989404937,1.988456233498734
4. South East,Maize,9.978162041167586,10.628347634109883,11.291799115459686
4. South East,Millet,0.0812442384150188,0.0812442384150188,0.0812442384150188
4. South East,Plantain,7.557472482331636,7.557472482331636,7.557472482331636
4. South East,Potato,0.16690577743727125,0.16690577743727125,0.16690577743727125
4. South East,Rice,27.282577889222363,27.282577889222363,27.282577889222363
4. South East,Sorghum,0.07798947570715124,0.07798947570715124,0.07798947570715124
4. South East,Soybean,0.11562215960136013,0.11562215960136013,0.11562215960136013
4. South East,Sweet potato,3.7697485062631144,3.7697485062631144,3.7697485062631144
4. South East,Wheat,0.3365584778889989,0.37648914475718526,0.3964544781912784
4. South East,Yam,54.33590844825682,54.35037888208088,54.368225750463886
5. South South,Cassava,190.9062364258817,233.8460665047694,298.10131170034316
5. South South,Cocoyam,3.0189259187825646,3.0189259187825646,3.0189259187825646
5. South South,Cowpea,17.681631835258813,17.681631835258813,17.681631835258813
5. South South,Groundnut,3.7105770199610344,3.8690797541550106,4.027582488348987
5. South South,Maize,5.270082223309679,5.596651196837021,5.9263396950608795
5. South South,Millet,0.6494445880467145,0.6494445880467145,0.6494445880467145
5. South South,Plantain,22.006870554662584,22.006870554662584,22.006870554662584
5. South South,Potato,0.15021827178367897,0.15021827178367897,0.15021827178367897
5. South South,Rice,28.63346455436293,28.63346455436293,28.63346455436293
5. South South,Sorghum,0.2296993667117127,0.2296993667117127,0.2296993667117127
5. South South,Soybean,0.06459709671780946,0.06459709671780946,0.06459709671780946
5. South South,Sweet potato,4.284665625002211,4.284665625002211,4.284665625002211
5. South South,Wheat,0.5993282208680115,0.6704349589370977,0.7059883279716407
5. South South,Yam,45.09139792090108,45.29792838824831,45.552649297976565
6. South West,Cassava,87.45315573192134,106.14086051299026,133.37307443227357
6. South West,Cocoyam,1.920768355838671,1.920768355838671,1.920768355838671
6. South West,Cowpea,15.229537142448535,15.229537142448535,15.229537142448535
6. South West,Groundnut,0.4401071547286252,0.4464646633488751,0.452822171969125
6. South West,Maize,6.0040440520850815,6.399561774295004,6.830618379704853
6. South West,Millet,0.33566174852809133,0.33566174852809133,0.33566174852809133
6. South West,Plantain,6.902352852285583,6.902352852285583,6.902352852285583
6. South West,Potato,0.227118636734423,0.227118636734423,0.227118636734423
6. South West,Rice,22.864929690800174,22.864929690800174,22.864929690800174
6. South West,Sorghum,0.975804944350162,0.975804944350162,0.975804944350162
6. South West,Soybean,0.04454074710929908,0.04454074710929908,0.04454074710929908
6. South West,Sweet potato,2.2353029377614764,2.2353029377614764,2.2353029377614764
6. South West,Wheat,2.4272648275241226,2.7152454002812223,2.8592356866597717
6. South West,Yam,69.37831676073351,70.77686161786735,72.50173360833244
