zone,product,Post-Harvest,Post-Planting,difference_post_harvest_minus_post_planting,ratio_post_harvest_to_post_planting
1. North Central,Agricultural eggs,0.007008904858649304,0.013237025297405051,-0.006228120438755747,0.5294924426882609
1. North Central,Animal fat,4.971375312330372e-4,0.0022173448248835204,-0.0017202072936504833,0.22420397840428466
1. North Central,Apples,1.786455277559299e-4,0.001990413356066935,-0.001811767828311005,0.08975297880282224
1. North Central,Avocado pear,0.002219950377426266,9.694246614076806e-4,0.0012505257160185855,2.289966890467511
1. North Central,Baby milk powder,1.7441262228766019e-4,1.4077198932724283e-4,3.364063296041735e-5,1.2389724910558402
1. North Central,Bananas,0.023614723009575636,0.0743790296931164,-0.05076430668354076,0.317491678864441
1. North Central,Beef,0.03590769879578064,0.04961152973677524,-0.013703830940994602,0.7237772950420345
1. North Central,Beer,0.013674973150916214,0.014236072267036656,-0.00056109911612044205,0.9605861008854488
1. North Central,Biscuits,0.00582478702487486,0.008057328190132022,-0.0022325411652571623,0.7229179310343344
1. North Central,Bottled water,0.008642503643556773,0.014580844241304772,-0.005938340597747999,0.5927299887803613
1. North Central,Bread,0.09150266369742067,0.10282074736513871,-0.01131808366771804,0.88992412564825
1. North Central,Brown beans,0.03792086668135128,0.052439492118782564,-0.014518625437431286,0.7231356588171253
1. North Central,Buns/Pofpof/Donuts,7.235761717460441e-4,0.0026016614330202437,-0.0018780852612741996,0.2781208048681613
1. North Central,Butter/Margarine,0,1.7434997817931608e-4,-1.7434997817931608e-4,0
1. North Central,Cake,0.0013957947231571502,0.0043279267461667935,-0.0029321320230096433,0.32250886048230676
1. North Central,Canned fish/seafood,0,0,0,NA
1. North Central,Cashew nut,3.169957904504491e-4,0,3.169957904504491e-4,NA
1. North Central,Cassava flour,0.10567122135350686,0.16547396003164255,-0.059802738678135695,0.6385972834233254
1. North Central,Cassava roots,0.3219197369961743,0.5306293749701553,-0.20870963797398095,0.6066753032929629
1. North Central,Cheese/wara,8.659752464234848e-4,0.005589582286116871,-0.004723607039693386,0.1549266478417093
1. North Central,Chicken,0.022841688911671574,0.028717804887515914,-0.0058761159758443406,0.7953842224759045
1. North Central,Chocolate drinks,0.0017619441843302,0.0026232660784097704,-8.613218940795703e-4,0.6716604917936096
1. North Central,Coconut,0.002817380679339367,0.0032965748017389288,-4.791941223995619e-4,0.8546387838228973
1. North Central,Cocoyam,0.004921814704672926,0.010717817559894491,-0.005796002855221565,0.4592179963101907
1. North Central,Coffee,1.4116246115541194e-4,1.5436804804442022e-4,-1.3205586889008278e-5,0.9144538843607823
1. North Central,Dry pepper,0.002499211559650231,0.002597190349284775,-9.797878963454382e-5,0.9622750832793115
1. North Central,Duck,0,0.00132053776163233,-0.00132053776163233,0
1. North Central,Fish - dried,0.030000054318766782,0.0384913522107285,-0.008491297891961715,0.7793972566753584
1. North Central,Fish - fresh,0.08090769913341628,0.08800445760759265,-0.007096758474176373,0.9193591021738869
1. North Central,Fish - frozen,0.011178807110839043,0.035597628938420035,-0.02441882182758099,0.31403235114836286
1. North Central,Fish - smoked,0.039807590505668206,0.03595007552419203,0.0038575149814761775,1.1073019993763387
1. North Central,Fresh milk,0.0030462274693664393,0.014034564476675773,-0.010988337007309334,0.21705179910847996
1. North Central,Fresh pepper,0.050456095737104335,0.07853146128990963,-0.0280753655528053,0.6424953121760814
1. North Central,Fruit juice,5.240287048271371e-4,0,5.240287048271371e-4,NA
1. North Central,Garden eggs/Eggplant,0.005650203205124487,0.01760470388560532,-0.011954500680480835,0.3209484943251126
1. North Central,Gari - white,0.12256125955412647,0.15874782909824384,-0.036186569544117364,0.7720499880239453
1. North Central,Gari - yellow,0.02211091882472869,0.026673970024165394,-0.004563051199436705,0.8289324313065213
1. North Central,Gin,0,5.66481517837579e-4,-5.66481517837579e-4,0
1. North Central,Goat,0.013143043176675164,0.048904252756026514,-0.03576120957935135,0.26875051628420055
1. North Central,Ground pepper,0.0030690606732734567,0.002042720963536697,0.0010263397097367596,1.5024375468100108
1. North Central,Groundnut oil,0.035797069046177216,0.05031644039265489,-0.014519371346477676,0.7114388213241494
1. North Central,Groundnuts - shelled,0.006542500634235151,0.012537375631673418,-0.005994874997438267,0.5218397235946814
1. North Central,Groundnuts - unshelled,0.0028838238454064434,0.05163941623237296,-0.048755592386966515,0.055845399809120275
1. North Central,Guava,1.3486304261597142e-4,0.0029607198267241263,-0.002825856784108155,0.045550761473161734
1. North Central,Guinea corn / sorghum,0.31542288348042546,0.30791201880274155,0.007510864677683915,1.0243928921868282
1. North Central,Honey,0.0014546097978668658,0.0020202262489050537,-5.656164510381878e-4,0.7200232145559204
1. North Central,Kola nut,7.128988316294025e-4,8.833457222859772e-4,-1.7044689065657474e-4,0.8070439621131785
1. North Central,Leaves,0.055692460210493795,0.05311886620650964,0.0025735940039841518,1.0484497164148576
1. North Central,Local eggs,7.588975549971163e-4,0.0014398985241336358,-6.810009691365195e-4,0.5270493317949145
1. North Central,Maize - shelled/off cob,0.029897112979065534,0.03563014805048213,-0.005733035071416599,0.8390959514595948
1. North Central,Maize - unshelled/on cob,0.0036991168769440726,0.22759287840844175,-0.22389376153149768,0.016253218917973256
1. North Central,Maize flour,0.2446697697385151,0.37626849806195095,-0.13159872832343586,0.650253133065185
1. North Central,Malt drinks,0.009886767235044018,0.017699362683558355,-0.007812595448514337,0.5585945331369604
1. North Central,Mangoes,0.05050434860933808,0.011886723511704443,0.03861762509763363,4.2488031760483205
1. North Central,Meat pie/Sausage roll,2.832138720316827e-4,0.0013618922811236072,-0.0010786784090919244,0.20795614745537852
1. North Central,Melon - ground,0.0051148369276262165,0.0035799224528171732,0.0015349144748090433,1.428756347389917
1. North Central,Melon - shelled,0.00416154168004448,0.010784679069036246,-0.006623137388991765,0.3858753379127089
1. North Central,Melon - unshelled,6.160647387270292e-4,8.764599385089024e-4,-2.603951997818732e-4,0.702901195661177
1. North Central,Milk - tinned,2.064327872156337e-4,9.268454771265548e-4,-7.204126899109211e-4,0.2227262173794334
1. North Central,Milk powder,0.0035939766602051146,0.004015847314375854,-4.2187065417073925e-4,0.8949485323656269
1. North Central,Millet,0.0885938732218255,0.11905166782114403,-0.030457794599318522,0.7441632262970356
1. North Central,Mutton,6.565280615929051e-4,0.00460946683996597,-0.003952938778373064,0.14243036871434617
1. North Central,Ogbono - ground,0.001938928767891702,9.195026925850909e-4,0.0010194260753066111,2.10867111486166
1. North Central,Ogbono - unground,7.841734270513937e-4,0.001199525016759395,-4.153515897080013e-4,0.6537366174903929
1. North Central,Okra - dried,0.00853676931345973,0.003113339355668975,0.005423429957790755,2.741997687439827
1. North Central,Okra - fresh,0.02892440893512825,0.08297201464926686,-0.05404760571413861,0.34860439459491693
1. North Central,Onions,0.11764495046797188,0.16904347248644314,-0.051398522018471254,0.6959449468089146
1. North Central,Orange/Tangerine,0.04522274877038377,0.08707137965180647,-0.0418486308814227,0.5193755853097423
1. North Central,Other alcoholic beverages,0,4.016439843942808e-4,-4.016439843942808e-4,0
1. North Central,Other domestic poultry,0,0,0,NA
1. North Central,Other eggs,1.708095909145489e-5,0,1.708095909145489e-5,NA
1. North Central,Other fish/seafood,0,0,0,NA
1. North Central,Other fruits,5.357696513852814e-5,0,5.357696513852814e-5,NA
1. North Central,Other grains/flour,6.6189734214146155e-6,0.0014734379246883773,-0.0014668189512669627,0.004492196997586096
1. North Central,Other meat,6.261488885931671e-5,0,6.261488885931671e-5,NA
1. North Central,Other milk products,NA,2.666265608604718e-4,NA,NA
1. North Central,Other non-alcoholic drinks,0,5.289986833132195e-4,-5.289986833132195e-4,0
1. North Central,Other nuts/seeds/pulses,0,2.864710018239392e-4,-2.864710018239392e-4,0
1. North Central,Other oil/fat,0,0,0,NA
1. North Central,Other roots/tubers,NA,0,NA,NA
1. North Central,Other spices,0.010893232489434908,0.005833985368783656,0.005059247120651252,1.867202572656789
1. North Central,Other sweets,NA,6.818506068721248e-6,NA,NA
1. North Central,Other vegetables,0,7.486051120709848e-4,-7.486051120709848e-4,0
1. North Central,Palm oil,0.12002960567167759,0.1730239661361217,-0.05299436046444411,0.6937166471912203
1. North Central,Palm wine,0.004353485281703091,0.00399563862676791,3.5784665493518095e-4,1.0895593141326307
1. North Central,Pawpaw,0.02891380372556844,0.002698938071494757,0.026214865654073684,10.713029702661931
1. North Central,Pineapples,0.024487648415785403,0.01867679797662084,0.005810850439164562,1.311126695616585
1. North Central,Pito,0.027149313774845574,0.0030707986749497233,0.02407851509989585,8.841124622176697
1. North Central,Plantains,0.019302829044060003,0.026755407347273216,-0.007452578303213213,0.721455248037076
1. North Central,Pork,0.004880232477403029,0.005727890896626605,-8.476584192235754e-4,0.8520121219971566
1. North Central,Potatoes,0.02359567815370391,0.07415899020673959,-0.050563312053035686,0.31817690731661996
1. North Central,Rice - imported,0.024631380981736218,0.04268580709133793,-0.01805442610960171,0.5770391298688733
1. North Central,Rice - local,0.47677545877216393,0.4615293074067712,0.015246151365392702,1.0330339831527868
1. North Central,Sachet water,0.6268864413852595,0.6229750913159184,0.0039113500693410685,1.0062785015386073
1. North Central,Salt,0.03777849554920782,0.03812256982485863,-3.440742756508075e-4,0.9909745256620542
1. North Central,Seafood,1.1518101320866525e-4,0,1.1518101320866525e-4,NA
1. North Central,Shea butter,NA,2.830109901488877e-4,NA,NA
1. North Central,Snails,1.0011709102189913e-4,3.779083733039499e-4,-2.777912822820508e-4,0.26492424644260376
1. North Central,Soft drinks,0.044749617373118784,0.06553033001276486,-0.020780712639646072,0.6828840532987072
1. North Central,Soya beans,0.021119877124844224,0.02018422390412086,9.356532207233648e-4,1.0463556699117047
1. North Central,Sugar,0.026856576693465608,0.038427497769767706,-0.011570921076302098,0.6988895518092942
1. North Central,Sweet potatoes,0.07401640805107763,0.1633594682968668,-0.08934306024578915,0.45308918315386837
1. North Central,Tea,0.0014703240347160433,0.001665420308742911,-1.9509627402686767e-4,0.8828546325497076
1. North Central,Tomato puree - canned,0.00463709556004595,0.009254551224778673,-0.004617455664732723,0.5010610938789036
1. North Central,Tomatoes,0.10916043281343042,0.1917147676316842,-0.08255433481825379,0.5693897979896138
1. North Central,Watermelon,0.05457004925297217,0.10843200550888421,-0.05386195625591204,0.503265147562922
1. North Central,Wheat flour,0.005987935618558307,0.009177298763652196,-0.003189363145093889,0.6524725600384997
1. North Central,White beans,0.14468385187035673,0.18082183485870482,-0.03613798298834808,0.8001459114902439
1. North Central,Wild game/Bush meat,0.0010648573619446806,1.89628476476106e-4,8.752288854685746e-4,5.615492892908715
1. North Central,Yam flour,0.07072778918643498,0.05552729065893179,0.015200498527503187,1.273748247881749
1. North Central,Yam roots,1.3227878454694104,0.5240225716472009,0.7987652738222095,2.524295549543579
2. North East,Agricultural eggs,0.001209689035346441,0.0020671862487392626,-8.574972133928217e-4,0.5851862821186079
2. North East,Animal fat,1.5255024996229456e-4,3.2884243214512126e-4,-1.762921821828267e-4,0.46390074713646656
2. North East,Apples,8.610825160598435e-5,1.8596218075537225e-4,-9.98539291493879e-5,0.4630417392193158
2. North East,Avocado pear,0.003016471144159043,0.0013657667525054388,0.001650704391653604,2.2086283317597677
2. North East,Baby milk powder,0,0,0,NA
2. North East,Bananas,0.016069689724570804,0.012747242596683897,0.003322447127886907,1.2606404563722053
2. North East,Beef,0.02056606633572033,0.02076558316146764,-1.995168257473076e-4,0.9903919468961735
2. North East,Beer,0.030151860467537393,0.029730733013303628,4.211274542337655e-4,1.0141647181737943
2. North East,Biscuits,0.0028809574352175304,0.0026647884501020984,2.1616898511543203e-4,1.0811205051219543
2. North East,Bottled water,0.0018416435193950819,0.0022338368681750166,-3.921933487799347e-4,0.8244306223218771
2. North East,Bread,0.07026294057920732,0.06384392623841226,0.0064190143407950595,1.10054228677642
2. North East,Brown beans,0.014768699772879975,0.033556199861352776,-0.0187875000884728,0.4401183636377529
2. North East,Buns/Pofpof/Donuts,0.0013061168744030282,0.001786609700975406,-4.804928265723777e-4,0.7310588729535886
2. North East,Butter/Margarine,7.151537197123234e-6,0,7.151537197123234e-6,NA
2. North East,Cake,0.0065838733899081054,0.0011790342079167004,0.005404839181991405,5.584124146441441
2. North East,Canned fish/seafood,0,0,0,NA
2. North East,Cashew nut,2.848639366771062e-4,0,2.848639366771062e-4,NA
2. North East,Cassava flour,0.03587201653719792,0.03836137367602488,-0.0024893571388269614,0.9351077164271945
2. North East,Cassava roots,0.14065982796905893,1.818860843553303,-1.678201015584244,0.0773340239126088
2. North East,Cheese/wara,0.0014010679974531621,0.0019752739555209463,-5.742059580677841e-4,0.7093031290860378
2. North East,Chicken,0.023238198554063474,0.007770203820139036,0.015467994733924437,2.99068069409377
2. North East,Chocolate drinks,6.550699208828153e-4,5.013237932732381e-4,1.5374612760957716e-4,1.3066802926023908
2. North East,Coconut,7.106309434822043e-4,4.1985254342185387e-4,2.9077840006035046e-4,1.6925726772796659
2. North East,Cocoyam,0.0038268332383682535,1.7097482402876884e-4,0.0036558584143394847,22.382437064092763
2. North East,Coffee,3.885527000478729e-5,1.837706880311633e-5,2.0478201201670965e-5,2.1143344687373826
2. North East,Dry pepper,0.004060966218880862,0.006496527407158026,-0.002435561188277164,0.6250979891820967
2. North East,Duck,0.0029819189310491207,6.8949181332209e-4,0.002292427117727031,4.324806869978228
2. North East,Fish - dried,0.021340800566213597,0.011400570111793532,0.009940230454420065,1.8719064359893027
2. North East,Fish - fresh,0.022740892123073293,0.01945052604460024,0.003290366078473054,1.1691659172059519
2. North East,Fish - frozen,9.213411833719371e-4,9.890328963275392e-4,-6.769171295560215e-5,0.9315576729480345
2. North East,Fish - smoked,0.016351712706039735,0.004690897905529725,0.01166081480051001,3.4858385399443472
2. North East,Fresh milk,0.015414687193702998,0.04427652577650446,-0.028861838582801464,0.34814581594572336
2. North East,Fresh pepper,0.02590034146749803,0.03963207923926229,-0.013731737771764261,0.653519622605098
2. North East,Fruit juice,9.574936572230787e-5,2.9626821636689497e-4,-2.005188506445871e-4,0.32318473745335213
2. North East,Garden eggs/Eggplant,0.010521284133950471,0.027707758263167657,-0.017186474129217186,0.37972339855211507
2. North East,Gari - white,0.027769399632588638,0.022499653724929583,0.005269745907659055,1.2342145337916994
2. North East,Gari - yellow,0.0025676209327343295,0.004428919234066174,-0.0018612983013318448,0.5797398410395048
2. North East,Gin,5.906691519287059e-5,2.1710486501070778e-4,-1.580379498178372e-4,0.27206629013107264
2. North East,Goat,0.009263164229317961,0.011072055053893082,-0.0018088908245751205,0.8366255572456632
2. North East,Ground pepper,0.002115461344040724,0.0020395378752308554,7.592346880986884e-5,1.0372258195015256
2. North East,Groundnut oil,0.033785128815940035,0.03813978357080744,-0.004354654754867404,0.8858238210297423
2. North East,Groundnuts - shelled,0.020885508661375136,0.016324966895391584,0.004560541765983552,1.2793599396070419
2. North East,Groundnuts - unshelled,0.010565346104048152,0.02200910244040797,-0.011443756336359818,0.4800443876643753
2. North East,Guava,0.002461404358928877,0.004684703816979025,-0.0022232994580501484,0.5254130154414194
2. North East,Guinea corn / sorghum,0.5537207266758268,0.5590863095639959,-0.005365582888169018,0.9904029435234188
2. North East,Honey,5.689771094459712e-4,2.9572898665085486e-4,2.7324812279511633e-4,1.9239815342069257
2. North East,Kola nut,0.0023428024360030333,0.0039710038221790955,-0.0016282013861760622,0.5899773812651271
2. North East,Leaves,0.07445496591798294,0.08228008303546294,-0.007825117117480004,0.9048965821521187
2. North East,Local eggs,0.0012415323243606545,9.264409213373104e-4,3.1509140302334406e-4,1.3401095480200853
2. North East,Maize - shelled/off cob,0.060632421585636,0.13293475186029077,-0.07230233027465477,0.4561066292835022
2. North East,Maize - unshelled/on cob,4.1570961159725933e-4,0.06566604696304175,-0.06525033735144449,0.006330662965462647
2. North East,Maize flour,0.3897356245634673,0.4161016769717987,-0.026366052408331397,0.9366355535978329
2. North East,Malt drinks,0.0060248703919126385,0.003788262445053171,0.0022366079468594674,1.5904046985393259
2. North East,Mangoes,0.017531101739614266,9.02682750692075e-5,0.017440833464545058,194.21110823457525
2. North East,Meat pie/Sausage roll,2.1464165282669129e-4,0,2.1464165282669129e-4,NA
2. North East,Melon - ground,1.1592303283159729e-4,8.210313920318341e-5,3.381989362841387e-5,1.4119196166752972
2. North East,Melon - shelled,4.598893465918522e-5,1.054393170058607e-4,-5.9450382346675474e-5,0.43616495217461426
2. North East,Melon - unshelled,0,0,0,NA
2. North East,Milk - tinned,3.012961238409723e-5,1.8619158176198853e-5,1.1510454207898377e-5,1.6182048672110407
2. North East,Milk powder,0.001185497602193432,8.788353776239869e-4,3.0666222456944515e-4,1.3489416020080292
2. North East,Millet,0.20373501060965765,0.3030458335374629,-0.09931082292780524,0.6722910796411649
2. North East,Mutton,0.004337435464582349,0.0026974383173857205,0.0016399971471966284,1.6079831878365494
2. North East,Ogbono - ground,2.4675001517901646e-5,3.2615835176052796e-6,2.1413418000296367e-5,7.5653440682146105
2. North East,Ogbono - unground,0,0,0,NA
2. North East,Okra - dried,0.0093019403950454,0.002857188774757103,0.006444751620288298,3.2556268165501883
2. North East,Okra - fresh,0.012591477089730034,0.05818006114393566,-0.04558858405420563,0.21642254824344567
2. North East,Onions,0.10730331667801585,0.11247224514394237,-0.005168928465926523,0.9540426310570105
2. North East,Orange/Tangerine,0.054077286315806265,0.03888650750335952,0.015190778812446744,1.3906439479332096
2. North East,Other alcoholic beverages,0.0013634205072617235,2.6978738465697496e-4,0.0010936331226047485,5.053685178776109
2. North East,Other domestic poultry,0,0,0,NA
2. North East,Other eggs,0,4.905186878335881e-5,-4.905186878335881e-5,0
2. North East,Other fish/seafood,0,0,0,NA
2. North East,Other fruits,0,0,0,NA
2. North East,Other grains/flour,0,6.982929245775884e-4,-6.982929245775884e-4,0
2. North East,Other meat,0,0,0,NA
2. North East,Other milk products,NA,0,NA,NA
2. North East,Other non-alcoholic drinks,3.668174622738974e-4,1.5642066813310594e-4,2.1039679414079147e-4,2.3450702944303665
2. North East,Other nuts/seeds/pulses,4.868276789152067e-4,4.165480975538553e-4,7.027958136135144e-5,1.1687190069383646
2. North East,Other oil/fat,0.002540396589600379,0.004949435526906137,-0.0024090389373057582,0.5132699629665377
2. North East,Other roots/tubers,NA,0,NA,NA
2. North East,Other spices,0.02177957252061172,0.01535155018749568,0.00642802233311604,1.418721383482944
2. North East,Other sweets,NA,0,NA,NA
2. North East,Other vegetables,0.0016441751705361385,0.006056139385831153,-0.0044119642152950144,0.27148899088796147
2. North East,Palm oil,0.06553210415438701,0.06584827356506054,-3.16169410673528e-4,0.9951985163231175
2. North East,Palm wine,0.00198106374303159,0.002720129038496426,-7.390652954648359e-4,0.7282977075700201
2. North East,Pawpaw,5.520138762503959e-4,0,5.520138762503959e-4,NA
2. North East,Pineapples,0.009669010625334285,0.0034454477001444636,0.006223562925189821,2.806314727960861
2. North East,Pito,0.0015703775584841686,0.003672896408357769,-0.0021025188498736006,0.4275583582784242
2. North East,Plantains,0.0010253947825935163,9.56065560410279e-4,6.932922218323722e-5,1.0725151339553385
2. North East,Pork,0.001176281098198881,8.813108353813297e-4,2.9497026281755134e-4,1.3346949237154473
2. North East,Potatoes,0.0033468268167334454,0.009394953121988904,-0.006048126305255459,0.35623667018627175
2. North East,Rice - imported,0.00449952221217928,0.006336834302549249,-0.0018373120903699691,0.7100583662680219
2. North East,Rice - local,0.37027693928551314,0.4099743147763904,-0.03969737549087726,0.903171066917865
2. North East,Sachet water,0.4184864357238597,0.33095843652064283,0.08752799920321686,1.2644682520361057
2. North East,Salt,0.023306456951580967,0.03527715631501224,-0.011970699363431276,0.660667111131712
2. North East,Seafood,3.950068051364567e-5,0,3.950068051364567e-5,NA
2. North East,Shea butter,NA,0,NA,NA
2. North East,Snails,0,0,0,NA
2. North East,Soft drinks,0.033397052368309664,0.021316607478913008,0.012080444889396656,1.5667151727284454
2. North East,Soya beans,0.020973539849310566,0.012594215530637254,0.008379324318673312,1.665331183056967
2. North East,Sugar,0.021497772510482113,0.03316508676896399,-0.01166731425848188,0.6482049228527816
2. North East,Sweet potatoes,0.13210485319496523,0.06591476541208324,0.06619008778288199,2.0041769453183593
2. North East,Tea,0.0018776937571316973,0.0019126906438621065,-3.499688673040918e-5,0.9817027981797708
2. North East,Tomato puree - canned,0.0032022096051954976,0.0024568689471876387,7.453406580078589e-4,1.3033701324855138
2. North East,Tomatoes,0.06664192042186091,0.04586993215211325,0.020771988269747667,1.4528454108208375
2. North East,Watermelon,0.06601022735361006,0.06737508801073296,-0.0013648606571228933,0.979742354371315
2. North East,Wheat flour,0.009290275456995692,0.002579978892235082,0.00671029656476061,3.6009114202276904
2. North East,White beans,0.14323939205707026,0.15759042593061212,-0.014351033873541863,0.9089346082492302
2. North East,Wild game/Bush meat,0.0012478788816643602,5.604570896794862e-4,6.874217919848741e-4,2.226537775403995
2. North East,Yam flour,3.729959532311992e-4,4.782967974558091e-5,3.251662734856183e-4,7.798420462258294
2. North East,Yam roots,0.2386885043079377,0.06959882586749244,0.16908967844044526,3.429490387702389
3. North West,Agricultural eggs,0.0036321076858384345,0.004932469698303425,-0.0013003620124649902,0.7363669536759114
3. North West,Animal fat,4.4094058757204193e-4,5.089478630654426e-4,-6.800727549340069e-5,0.8663767343794584
3. North West,Apples,1.1413164211305794e-4,1.455924381375807e-4,-3.1460796024522774e-5,0.783911881503123
3. North West,Avocado pear,0,0,0,NA
3. North West,Baby milk powder,8.783689142894644e-5,3.079852484127267e-4,-2.2014835698378024e-4,0.2851983719403257
3. North West,Bananas,0.02341960867621573,0.021961584480072634,0.001458024196143097,1.0663897542304412
3. North West,Beef,0.031027805075513226,0.02756956077531225,0.003458244300200978,1.1254370473430877
3. North West,Beer,0,2.507683305808636e-4,-2.507683305808636e-4,0
3. North West,Biscuits,0.002561275742959571,0.002018774670380098,5.425010725794732e-4,1.2687278974415357
3. North West,Bottled water,0.002657346500209787,0.009598131241227856,-0.00694078474101807,0.27686082148943836
3. North West,Bread,0.0967606746308296,0.10467420478210028,-0.007913530151270678,0.9243984688706809
3. North West,Brown beans,0.004903205969303903,0.011945769624932085,-0.007042563655628183,0.4104554267537851
3. North West,Buns/Pofpof/Donuts,3.2212900267997326e-4,0.001010726164834961,-6.885971621549878e-4,0.3187104617328007
3. North West,Butter/Margarine,4.477096118243342e-5,6.0130336353915046e-6,3.875792754704192e-5,7.445652876265412
3. North West,Cake,3.945482532825362e-4,0.0023123529803372625,-0.0019178047270547263,0.17062630862913947
3. North West,Canned fish/seafood,0,0,0,NA
3. North West,Cashew nut,3.195315123085942e-4,0,3.195315123085942e-4,NA
3. North West,Cassava flour,0.02186024082095305,0.01851577267715277,0.0033444681438002805,1.1806280624695253
3. North West,Cassava roots,0.2730716256639777,0.832979863911364,-0.5599082382473863,0.32782500213358673
3. North West,Cheese/wara,0.02865449452851266,0.03737579101054083,-0.00872129648202817,0.7666592131904696
3. North West,Chicken,0.018939637573845813,0.02193001717337554,-0.002990379599529726,0.8636398879267527
3. North West,Chocolate drinks,5.103629046350719e-4,6.422902374645674e-4,-1.3192733282949552e-4,0.7945985706551029
3. North West,Coconut,0,2.506699432376099e-4,-2.506699432376099e-4,0
3. North West,Cocoyam,0.004859010109485645,0.004638132265459504,2.2087784402614104e-4,1.0476221529237175
3. North West,Coffee,4.993220784692528e-6,3.8867753462192126e-5,-3.38745326774996e-5,0.1284669254051328
3. North West,Dry pepper,0.0055956884172935675,0.011617081645267228,-0.006021393227973661,0.48167763541312786
3. North West,Duck,0,0,0,NA
3. North West,Fish - dried,0.0057347031547718315,0.005716027839010395,1.867531576143621e-5,1.00326718418584
3. North West,Fish - fresh,0.03988793613667144,0.051210980877181574,-0.011323044740510137,0.778894203029112
3. North West,Fish - frozen,0.007720822070874227,0.007530442525026608,1.903795458476189e-4,1.0252813224740662
3. North West,Fish - smoked,0.002368715241408708,0.006405597106956515,-0.004036881865547806,0.3697883588145545
3. North West,Fresh milk,0.038025786671851976,0.03997792043458485,-0.0019521337627328716,0.951169702137781
3. North West,Fresh pepper,0.0464910180230524,0.036069809912656695,0.010421208110395708,1.2889177441087363
3. North West,Fruit juice,0,0,0,NA
3. North West,Garden eggs/Eggplant,0.004852807587259062,0.01586178165317701,-0.01100897406591795,0.305943411236346
3. North West,Gari - white,0.0721750883677106,0.09366822024379799,-0.021493131876087396,0.7705397644991497
3. North West,Gari - yellow,0.025961712532182414,0.04013811826614751,-0.014176405733965093,0.6468094084539714
3. North West,Gin,0,0,0,NA
3. North West,Goat,0.004827640530226781,0.027597718106159665,-0.022770077575932884,0.1749289746223358
3. North West,Ground pepper,0.0015601804048479,0.0029151119379605493,-0.0013549315331126493,0.5352042865082645
3. North West,Groundnut oil,0.0524359078202636,0.054831792710400847,-0.0023958848901372495,0.9563048229557013
3. North West,Groundnuts - shelled,0.009479999764799773,0.009682530440037595,-2.0253067523782163e-4,0.9790828775089258
3. North West,Groundnuts - unshelled,0.007029515412279064,0.0079677456508716,-9.382302385925355e-4,0.8822464622110645
3. North West,Guava,5.513920104051117e-4,0.002570592521548735,-0.0020192005111436236,0.21449996675198763
3. North West,Guinea corn / sorghum,0.9000201905490355,0.637562997508978,0.26245719304005743,1.4116568779328533
3. North West,Honey,2.210496312637723e-4,0.0016420401222966552,-0.001420990491032883,0.13461889771280322
3. North West,Kola nut,0.003409138741911578,0.0038398421976044614,-4.3070345569288333e-4,0.8878330323153426
3. North West,Leaves,0.028501242650069692,0.027592003809092755,9.092388409769371e-4,1.032952983308784
3. North West,Local eggs,0.0012971992510242298,0.003114705386829282,-0.001817506135805052,0.4164757464733308
3. North West,Maize - shelled/off cob,0.236372388914714,0.16626563976161174,0.07010674915310225,1.4216550650730955
3. North West,Maize - unshelled/on cob,0.0014574443667055676,0.02914612645044521,-0.027688682083739643,0.0500047362788857
3. North West,Maize flour,0.1762063441245396,0.31125987167247315,-0.13505352754793357,0.5661068456326898
3. North West,Malt drinks,0.0019030500694655604,0.0034510503617149113,-0.001548000292249351,0.5514408281540951
3. North West,Mangoes,0.00626892366365134,8.541481485160718e-4,0.005414775515135268,7.339386820123022
3. North West,Meat pie/Sausage roll,4.6402746898447306e-5,2.2133990517630596e-4,-1.7493715827785866e-4,0.2096447401180808
3. North West,Melon - ground,1.306802223663812e-4,2.2002991498007486e-4,-8.934969261369365e-5,0.5939202511540994
3. North West,Melon - shelled,4.580562836022061e-5,2.4491659599213945e-4,-1.9911096763191883e-4,0.18702541644703707
3. North West,Melon - unshelled,2.7028345572743926e-6,0,2.7028345572743926e-6,NA
3. North West,Milk - tinned,1.272438624642656e-4,5.672050834136037e-4,-4.3996122094933814e-4,0.22433484146241311
3. North West,Milk powder,0.0018514381715842864,0.001873288038975471,-2.1849867391184486e-5,0.9883360877043049
3. North West,Millet,0.41844900226078796,0.4939502495037367,-0.07550124724294877,0.847148073477433
3. North West,Mutton,0.004151325832385816,0.004610181912932409,-4.588560805465934e-4,0.9004689859939328
3. North West,Ogbono - ground,4.645025909447508e-5,7.015449449915262e-6,3.943480964455982e-5,6.6211380220316665
3. North West,Ogbono - unground,0,0,0,NA
3. North West,Okra - dried,0.007466232005825903,0.0027515126088244,0.004714719397001503,2.713500923775848
3. North West,Okra - fresh,0.00902235505291262,0.05345384868610001,-0.04443149363318739,0.16878775382283687
3. North West,Onions,0.10280774519928004,0.11333352246879973,-0.010525777269519684,0.9071256496733577
3. North West,Orange/Tangerine,0.0572427912029263,0.07016730506142993,-0.012924513858503628,0.8158043287085274
3. North West,Other alcoholic beverages,0,0,0,NA
3. North West,Other domestic poultry,2.4211589609671413e-4,0,2.4211589609671413e-4,NA
3. North West,Other eggs,0,1.7137894748466128e-4,-1.7137894748466128e-4,0
3. North West,Other fish/seafood,0,0,0,NA
3. North West,Other fruits,0,0,0,NA
3. North West,Other grains/flour,0.008296830763459339,0.00773101687935126,5.658138841080794e-4,1.0731875111564313
3. North West,Other meat,3.579237014757517e-4,4.581909905718655e-5,3.121046024185651e-4,7.811670435270436
3. North West,Other milk products,NA,0,NA,NA
3. North West,Other non-alcoholic drinks,0,0,0,NA
3. North West,Other nuts/seeds/pulses,0,0,0,NA
3. North West,Other oil/fat,3.864778155374192e-4,3.746141984202307e-4,1.1863617117188491e-5,1.0316688934034481
3. North West,Other roots/tubers,NA,0,NA,NA
3. North West,Other spices,0.01600165275945006,0.012504875405336593,0.0034967773541134672,1.2796331223437203
3. North West,Other sweets,NA,3.987839500804077e-5,NA,NA
3. North West,Other vegetables,6.438205411955681e-4,0.0016269545418564786,-9.831340006609107e-4,0.3957212845424187
3. North West,Palm oil,0.06719720728555749,0.06720019025074936,-2.982965191869469e-6,0.9999556107626967
3. North West,Palm wine,0.0015132761040466348,7.681987968351884e-4,7.450773072114464e-4,1.9699016846693882
3. North West,Pawpaw,0.0055388725850759385,8.468602264508482e-4,0.00469201235862509,6.540480249366647
3. North West,Pineapples,0.007589574851957678,0.010685837106908597,-0.0030962622549509187,0.7102461675230735
3. North West,Pito,5.864764582406653e-4,9.996600597400142e-4,-4.1318360149934894e-4,0.5866758929962578
3. North West,Plantains,0.005518648281248843,9.627683016866049e-4,0.004555879979562238,5.7320627108112285
3. North West,Pork,1.426439376245273e-5,0,1.426439376245273e-5,NA
3. North West,Potatoes,0.003927239888650267,0.005505194855309879,-0.001577954966659612,0.7133698246597683
3. North West,Rice - imported,0.008007130568060256,0.03893588310515175,-0.030928752537091497,0.20564913209842678
3. North West,Rice - local,0.4718636804831697,0.5126708696031923,-0.040807189120022624,0.9204027543995089
3. North West,Sachet water,0.4960554626154522,0.6402667619653897,-0.14421129934993748,0.7747637267515489
3. North West,Salt,0.02553783575891307,0.03650384082183754,-0.010966005062924469,0.6995931163395738
3. North West,Seafood,0,1.0991287541609412e-4,-1.0991287541609412e-4,0
3. North West,Shea butter,NA,0,NA,NA
3. North West,Snails,0,0,0,NA
3. North West,Soft drinks,0.02468470581925285,0.02131055326237995,0.0033741525568729003,1.1583324710217344
3. North West,Soya beans,0.04431298837911283,0.05800092395717332,-0.013687935578060494,0.764004870195389
3. North West,Sugar,0.03663226001332392,0.04569864622713488,-0.009066386213810965,0.8016049278845477
3. North West,Sweet potatoes,0.10662095331077723,0.0881549183849825,0.018466034925794725,1.2094725429289317
3. North West,Tea,0.001453837646213989,0.0012700068495581035,1.8383079665588542e-4,1.1447478781077827
3. North West,Tomato puree - canned,2.44273140173592e-4,0.001492518846039305,-0.001248245705865713,0.16366502896885976
3. North West,Tomatoes,0.10708291274366068,0.09127365221474507,0.01580926052891561,1.1732072744467397
3. North West,Watermelon,0.18762441788964287,0.27191797864708644,-0.08429356075744357,0.6900037240022093
3. North West,Wheat flour,0.03021816972753486,0.017213680347001267,0.013004489380533592,1.755474083309503
3. North West,White beans,0.14057347373697848,0.19719946757300003,-0.05662599383602154,0.7128491545492661
3. North West,Wild game/Bush meat,0.0014629955032612386,0,0.0014629955032612386,NA
3. North West,Yam flour,3.3564977995817474e-4,3.4231414316211896e-4,-6.664363203944218e-6,0.9805314406749825
3. North West,Yam roots,0.10608142173358594,0.08900633548304097,0.017075086250544963,1.1918412454335725
4. South East,Agricultural eggs,0.010252970642109893,0.013178833223151155,-0.0029258625810412615,0.7779877374954999
4. South East,Animal fat,0,2.5570344140404427e-5,-2.5570344140404427e-5,0
4. South East,Apples,0.002410228052561207,0.0034895702482641497,-0.0010793421957029426,0.6906948079810543
4. South East,Avocado pear,0.016026755337722222,0.004725755411658067,0.011300999926064155,3.391363695671908
4. South East,Baby milk powder,6.956135748314779e-4,0.0013084329758336528,-6.12819401002175e-4,0.531638675942324
4. South East,Bananas,0.07034721791953305,0.09590635612857573,-0.02555913820904268,0.7334990167411103
4. South East,Beef,0.08137703036271855,0.09531241633236219,-0.013935385969643638,0.8537925434494305
4. South East,Beer,0.02337415167155844,0.03938578679078743,-0.016011635119228988,0.5934666684639088
4. South East,Biscuits,0.007193800503682085,0.00720015785315501,-6.357349472924795e-6,0.9991170541531754
4. South East,Bottled water,0.030006100380678895,0.027306403312180805,0.00269969706849809,1.0988668129461712
4. South East,Bread,0.13184086845183812,0.15875799566311088,-0.026917127211272762,0.8304518326850655
4. South East,Brown beans,0.03184469361646875,0.04745625800261586,-0.015611564386147109,0.6710325456910957
4. South East,Buns/Pofpof/Donuts,0.004451278466745763,0.003843375930748535,6.07902535997228e-4,1.158168898112143
4. South East,Butter/Margarine,1.7023082718320718e-5,5.5531933895599986e-5,-3.850885117727927e-5,0.30654582911382317
4. South East,Cake,1.1422260311633008e-4,0.002939196922538357,-0.002824974319422027,0.03886184087920344
4. South East,Canned fish/seafood,0,0,0,NA
4. South East,Cashew nut,4.8170334364549936e-4,5.566280247353357e-4,-7.492468108983636e-5,0.8653954207112347
4. South East,Cassava flour,0.044880369236586594,0.030978280052365706,0.013902089184220888,1.4487689168256206
4. South East,Cassava roots,1.2174490921014625,0.86428271195454,0.3531663801469225,1.4086236774865613
4. South East,Cheese/wara,0,0,0,NA
4. South East,Chicken,0.011497353222706187,0.02235603074294123,-0.010858677520235041,0.5142841927043065
4. South East,Chocolate drinks,0.009784101746588298,0.011339590932111657,-0.001555489185523359,0.8628266932347183
4. South East,Coconut,0.0296385735009455,0.02916140506170835,4.771684392371467e-4,1.0163630126267034
4. South East,Cocoyam,0.12268325395876958,0.09005862392322432,0.03262463003554526,1.3622599215302025
4. South East,Coffee,1.5020154305008006e-5,3.300395533482279e-5,-1.7983801029814782e-5,0.45510164320093166
4. South East,Dry pepper,0.003865697039150283,0.0021950817186951444,0.0016706153204551384,1.7610720394720556
4. South East,Duck,0,0.00176621215763352,-0.00176621215763352,0
4. South East,Fish - dried,0.03688673717889272,0.03354114897595979,0.003345588202932931,1.099745784061567
4. South East,Fish - fresh,0.02232876303207391,0.020119669421397285,0.002209093610676626,1.1097977091177877
4. South East,Fish - frozen,0.039185330141996634,0.05363714157602043,-0.014451811434023798,0.7305633557384652
4. South East,Fish - smoked,0.022258288293550546,0.02293424186740845,-6.759535738579056e-4,0.9705264478431052
4. South East,Fresh milk,0,0,0,NA
4. South East,Fresh pepper,0.05408815451846295,0.06589506268970224,-0.011806908171239291,0.8208225671346935
4. South East,Fruit juice,0.0065296601824896645,0.0029152471574673483,0.003614413025022316,2.239830734681987
4. South East,Garden eggs/Eggplant,0.016864913082909067,0.03519909415756484,-0.018334181074655776,0.4791291789332746
4. South East,Gari - white,0.21678043027000946,0.2472870087620209,-0.030506578492011438,0.876634932644724
4. South East,Gari - yellow,0.14890215380797034,0.17601394719532557,-0.027111793387355226,0.8459679257276764
4. South East,Gin,4.4153130025616514e-4,6.189075868509548e-4,-1.7737628659478965e-4,0.7134042458627908
4. South East,Goat,0.005153311440422823,0.011148597240800822,-0.005995285800377999,0.46223855155185894
4. South East,Ground pepper,0.0036575579864638985,0.004088649920935165,-4.310919344712662e-4,0.8945637452930512
4. South East,Groundnut oil,0.0884320718535533,0.0544584841482428,0.0339735877053105,1.6238438002209195
4. South East,Groundnuts - shelled,0.01664420165739257,0.014615595628319546,0.0020286060290730223,1.1387973559655922
4. South East,Groundnuts - unshelled,0.0075441439332655895,0.052468865234578624,-0.04492472130131303,0.14378324935248957
4. South East,Guava,0.012138039053344823,0.0489692929266745,-0.036831253873329674,0.24787041690636713
4. South East,Guinea corn / sorghum,0.002202363221149022,7.890139292622604e-4,0.0014133492918867617,2.7912856027881077
4. South East,Honey,3.97907027647299e-4,5.462878532605759e-4,-1.483808256132769e-4,0.7283834434032342
4. South East,Kola nut,0.0011315843664244792,8.902356888347032e-4,2.4134867758977602e-4,1.2711064952986726
4. South East,Leaves,0.1556670344480989,0.08075564746705391,0.07491138698104499,1.9276303185062913
4. South East,Local eggs,0.0010568565817393968,8.515176745531195e-4,2.0533890718627728e-4,1.2411446213304265
4. South East,Maize - shelled/off cob,0.004013568912926602,0.012263501289922365,-0.008249932376995762,0.3272775709025925
4. South East,Maize - unshelled/on cob,3.872536431701331e-4,0.45259068233049127,-0.4522034286873211,8.556376838694004e-4
4. South East,Maize flour,0.006508382582053227,0.018933047240559938,-0.012424664658506711,0.34375779552857355
4. South East,Malt drinks,0.02867873969039276,0.03315407650848752,-0.004475336818094762,0.8650139804995303
4. South East,Mangoes,0.03308847485480487,6.814815266124251e-4,0.03240699332819245,48.55373706061307
4. South East,Meat pie/Sausage roll,0.0014331359656867971,0.0026689584962476267,-0.0012358225305608296,0.5369645004602688
4. South East,Melon - ground,0.004552580030296764,0.00620111985078596,-0.0016485398204891958,0.7341544978718236
4. South East,Melon - shelled,0.01911938287828953,0.01850792740397303,6.114554743164996e-4,1.0330374904207393
4. South East,Melon - unshelled,0.0014465214111169503,0.0018599519397836115,-4.1343052866666123e-4,0.777719778762262
4. South East,Milk - tinned,0.0015128126490575003,0.0023005298328880558,-7.877171838305554e-4,0.6575931454704652
4. South East,Milk powder,0.012070238217523833,0.012080298943203734,-1.0060725679900823e-5,0.9991671790799879
4. South East,Millet,5.336791353745945e-4,0.0025825382284891405,-0.002048859093114546,0.20664907473095265
4. South East,Mutton,2.0079796810613677e-4,0,2.0079796810613677e-4,NA
4. South East,Ogbono - ground,0.0011881496307424803,0.002575604578309617,-0.001387454947567137,0.4613090226459642
4. South East,Ogbono - unground,0.006298709327632212,0.00706279239514144,-7.640830675092287e-4,0.8918157260243345
4. South East,Okra - dried,0.001992943758203852,0.001451632113579386,5.413116446244663e-4,1.3728986425422334
4. South East,Okra - fresh,0.045376803162047084,0.07156765049707964,-0.026190847335032554,0.6340406992108636
4. South East,Onions,0.12358914625750082,0.17421933002868872,-0.0506301837711879,0.7093882535144027
4. South East,Orange/Tangerine,0.05862459119176458,0.09428445035615325,-0.03565985916438867,0.6217843023989011
4. South East,Other alcoholic beverages,3.480657826648703e-5,0,3.480657826648703e-5,NA
4. South East,Other domestic poultry,0,0,0,NA
4. South East,Other eggs,0,0,0,NA
4. South East,Other fish/seafood,1.720004137824652e-4,2.1702846266229278e-4,-4.5028048879827584e-5,0.7925246839632574
4. South East,Other fruits,0,0.005516501021472321,-0.005516501021472321,0
4. South East,Other grains/flour,6.029594351917966e-4,0.0011454999133557933,-5.425404781639967e-4,0.5263723097327873
4. South East,Other meat,3.55338804868813e-5,2.1690123502057858e-4,-1.8136735453369728e-4,0.16382516440494224
4. South East,Other milk products,NA,0,NA,NA
4. South East,Other non-alcoholic drinks,0,0,0,NA
4. South East,Other nuts/seeds/pulses,8.917133498065478e-4,0,8.917133498065478e-4,NA
4. South East,Other oil/fat,0,0,0,NA
4. South East,Other roots/tubers,NA,0,NA,NA
4. South East,Other spices,0.007379112213363537,0.0058916717388304745,0.0014874404745330626,1.252464926844062
4. South East,Other sweets,NA,0,NA,NA
4. South East,Other vegetables,3.914064196938001e-4,0.020053588091494438,-0.019662181671800637,0.01951802430108814
4. South East,Palm oil,0.10474482899306942,0.1103423948493654,-0.005597565856295977,0.9492709410201081
4. South East,Palm wine,0.006887154967067235,0.008549484917907548,-0.0016623299508403133,0.8055637308209719
4. South East,Pawpaw,0.2657459546298691,0.115812890791511,0.1499330638383581,2.2946146393001365
4. South East,Pineapples,0.029118475489182692,0.016796815730182844,0.012321659758999848,1.7335711694960483
4. South East,Pito,0,0,0,NA
4. South East,Plantains,0.15553037196916994,0.13434528488738587,0.02118508708178407,1.157691333190758
4. South East,Pork,0.0016667883988431447,0.006146372501766348,-0.004479584102923203,0.27118245735417795
4. South East,Potatoes,0,0.006401865435950138,-0.006401865435950138,0
4. South East,Rice - imported,0.051013528075784804,0.03406862033415843,0.016944907741626374,1.4973758131507544
4. South East,Rice - local,0.49768005226771367,0.4636928416486801,0.03398721061903359,1.073296819718395
4. South East,Sachet water,1.1033173917604167,1.2301708882221254,-0.12685349646170874,0.8968814026764682
4. South East,Salt,0.019936901415538128,0.027543739975899605,-0.007606838560361477,0.7238269542546744
4. South East,Seafood,0.002773509206156375,0.0012278163897556226,0.0015456928164007523,2.2588957349790695
4. South East,Shea butter,NA,0,NA,NA
4. South East,Snails,7.130266700187027e-4,0.0075969330082499,-0.006883906338231197,0.09385717489470953
4. South East,Soft drinks,0.06898905085836636,0.08846270092297595,-0.01947365006460959,0.7798659789783583
4. South East,Soya beans,0.002011039392512214,0.0024237831675399616,-4.127437750277474e-4,0.8297109326628977
4. South East,Sugar,0.014229914978337968,0.01856185900972605,-0.004331944031388082,0.7666212188596935
4. South East,Sweet potatoes,0.0486832241206596,0.09590986927025438,-0.047226645149594786,0.5075934780338427
4. South East,Tea,0.0016079041383292355,0.002001713560835776,-3.9380942250654034e-4,0.8032638484288865
4. South East,Tomato puree - canned,0.04384581254684384,0.04359986369292755,2.459488539162877e-4,1.005641046395202
4. South East,Tomatoes,0.11771965267737333,0.13422413654896667,-0.01650448387159334,0.8770378838267118
4. South East,Watermelon,0.06666590731815522,0.12437067836729003,-0.05770477104913481,0.5360259202034602
4. South East,Wheat flour,0.004341009736859787,0.006598898994150172,-0.002257889257290385,0.6578384880126259
4. South East,White beans,0.1578781959025607,0.17102663477425856,-0.013148438871697865,0.9231205192743648
4. South East,Wild game/Bush meat,0.007189151471920183,0.0029122875445263216,0.004276863927393862,2.4685582594453206
4. South East,Yam flour,0.001746103800830486,1.0399732735943708e-4,0.001642106473471049,16.78989109783155
4. South East,Yam roots,1.3753303776579977,0.702625821956624,0.6727045557013737,1.9574150773851042
5. South South,Agricultural eggs,0.024868035196877976,0.03877114366730195,-0.013903108470423975,0.6414057684310894
5. South South,Animal fat,0,0.0010174497661210315,-0.0010174497661210315,0
5. South South,Apples,0.004376451226915284,0.008024437601874664,-0.0036479863749593793,0.5453903991842196
5. South South,Avocado pear,0.0058260239851391825,0.007825465608925405,-0.0019994416237862226,0.744495506886422
5. South South,Baby milk powder,0.0018031785108051238,0.0012484637879075868,5.54714722897537e-4,1.4443178314584786
5. South South,Bananas,0.1860899601615602,0.152116822586899,0.03397313757466122,1.2233358348992174
5. South South,Beef,0.09249858274763578,0.11971218037169234,-0.027213597624056562,0.7726747809658004
5. South South,Beer,0.02562894206613852,0.03696663222811473,-0.011337690161976208,0.6932993492073264
5. South South,Biscuits,0.017819484641910154,0.01841169883418953,-5.922141922793771e-4,0.9678348968439747
5. South South,Bottled water,0.06300792252949457,0.057304546959668794,0.0057033755698257735,1.0995274523998912
5. South South,Bread,0.22006458608834145,0.2491589574582201,-0.029094371369878635,0.8832296792911517
5. South South,Brown beans,0.05953464441422189,0.08508912040205417,-0.02555447598783228,0.6996739904339714
5. South South,Buns/Pofpof/Donuts,0.00646793507469353,0.005310666930940596,0.0011572681437529344,1.2179139002317296
5. South South,Butter/Margarine,0.001323199118937281,5.399409785166352e-4,7.832581404206458e-4,2.450636591007538
5. South South,Cake,0.004251074725939239,0.0065142227053795,-0.0022631479794402607,0.6525835726231259
5. South South,Canned fish/seafood,1.980068243483655e-4,0,1.980068243483655e-4,NA
5. South South,Cashew nut,1.1676681697786276e-4,7.383955708850834e-5,4.2927259889354426e-5,1.5813585777322492
5. South South,Cassava flour,0.01734062529450802,0.030067570181844097,-0.012726944887336077,0.5767218697631552
5. South South,Cassava roots,1.0914090501438454,0.33019824018177407,0.7612108099620714,3.3053145575307274
5. South South,Cheese/wara,0,0,0,NA
5. South South,Chicken,0.022819181308456657,0.03236089166046474,-0.009541710352008084,0.705146865169195
5. South South,Chocolate drinks,0.011266735401689734,0.010654119628267572,6.126157734221618e-4,1.057500365567209
5. South South,Coconut,0.05263310189117033,0.04647495099962806,0.006158150891542265,1.1325047312388032
5. South South,Cocoyam,0.0714870284819844,0.044307390320634514,0.02717963816134989,1.6134335144693004
5. South South,Coffee,4.337819553614112e-5,2.1286215794060807e-4,-1.6948396240446694e-4,0.2037853790256337
5. South South,Dry pepper,0.008555830759886007,0.005229618650917097,0.0033262121089689097,1.6360333957401665
5. South South,Duck,0,0,0,NA
5. South South,Fish - dried,0.04828154502613624,0.04037537244414885,0.007906172581987392,1.1958167096272359
5. South South,Fish - fresh,0.21842433088550292,0.19092231291472775,0.027502017970775172,1.1440482128616287
5. South South,Fish - frozen,0.059044632993055395,0.07662048538438103,-0.017575852391325635,0.7706115759623151
5. South South,Fish - smoked,0.05766458540922535,0.08899446443667934,-0.03132987902745399,0.6479569911930243
5. South South,Fresh milk,0.0030393025300241663,0.004094182556042998,-0.0010548800260188318,0.7423466072703981
5. South South,Fresh pepper,0.08058580447633966,0.09716831067955495,-0.01658250620321529,0.8293424462435942
5. South South,Fruit juice,0.002494668719147427,0.008236012091475271,-0.005741343372327843,0.30289765136813573
5. South South,Garden eggs/Eggplant,0.011211477411170533,0.038798637409699535,-0.027587159998529003,0.28896575136856995
5. South South,Gari - white,0.32740117498400484,0.3616385754496645,-0.03423740046565965,0.9053270231941143
5. South South,Gari - yellow,0.4727392000871922,0.47337618171807055,-6.369816308783305e-4,0.9986543859714985
5. South South,Gin,0.0023474533214518332,0.005362817418176914,-0.0030153640967250806,0.43772762307650004
5. South South,Goat,0.020280772023053308,0.031473315425106334,-0.011192543402053026,0.644379905616022
5. South South,Ground pepper,0.011120192173605289,0.009639540296059863,0.0014806518775454264,1.1536019179411117
5. South South,Groundnut oil,0.06314908373193266,0.09842506331455819,-0.03527597958262553,0.6415955611845889
5. South South,Groundnuts - shelled,0.03199530645500899,0.03129395561663701,7.013508383719794e-4,1.0224117029807225
5. South South,Groundnuts - unshelled,0.013241122704772176,0.10835001585499049,-0.09510889315021831,0.12220692909259323
5. South South,Guava,0.034575640249624846,0.034020577189489275,5.550630601355716e-4,1.0163155097882073
5. South South,Guinea corn / sorghum,0.007572472604311981,0.0012379140640824886,0.006334558540229492,6.117123008796666
5. South South,Honey,0.0012493089922766447,0.0013454564780638434,-9.614748578719865e-5,0.9285391334801419
5. South South,Kola nut,5.10556560323098e-4,5.838944845117588e-4,-7.333792418866075e-5,0.874398669393179
5. South South,Leaves,0.16780131487398825,0.1177143308518317,0.050086984022156555,1.4254960603327185
5. South South,Local eggs,0.002360214772646179,9.70192259350772e-4,0.001390022513295407,2.4327289255281985
5. South South,Maize - shelled/off cob,0.0029886543729397055,0.013057282262298974,-0.010068627889359269,0.2288879349394947
5. South South,Maize - unshelled/on cob,0.0021352958422012087,0.2376145985962783,-0.23547930275407708,0.008986383222308688
5. South South,Maize flour,0.0014205317216674424,0.0045621183812409,-0.003141586659573458,0.31137546265975163
5. South South,Malt drinks,0.033798430155628646,0.040212496026811075,-0.006414065871182428,0.840495703949689
5. South South,Mangoes,0.042642135175438654,0.0017297026416456588,0.040912432533792994,24.65287046961346
5. South South,Meat pie/Sausage roll,0.004953392988636172,0.00410759301599833,8.457999726378422e-4,1.2059113376967008
5. South South,Melon - ground,0.011580814353443773,0.010885161265798741,6.956530876450311e-4,1.0639083859814533
5. South South,Melon - shelled,0.020019576313642356,0.017720831379433907,0.0022987449342084486,1.1297199259441224
5. South South,Melon - unshelled,6.888984637420975e-4,0.004727115114487756,-0.004038216650745658,0.14573338009703804
5. South South,Milk - tinned,0.0030297951665825135,0.005123208531958971,-0.002093413365376458,0.5913862665715082
5. South South,Milk powder,0.011574415121425536,0.013321171417573406,-0.0017467562961478705,0.8688736717370416
5. South South,Millet,0.012938543636791294,0.011971659740342963,9.668838964483305e-4,1.0807643983724375
5. South South,Mutton,7.214842865177432e-4,0,7.214842865177432e-4,NA
5. South South,Ogbono - ground,0.00431605118066218,0.006544244499721504,-0.002228193319059324,0.6595186321119043
5. South South,Ogbono - unground,0.003448752475915189,0.0028639228433244225,5.848296325907665e-4,1.2042057920498654
5. South South,Okra - dried,7.174964997634253e-4,2.490778842976767e-4,4.684186154657486e-4,2.8806110256899986
5. South South,Okra - fresh,0.07849403073114342,0.07756046221271808,9.335685184253401e-4,1.012036654911428
5. South South,Onions,0.1503589853579638,0.18589470992811624,-0.035535724570152444,0.808839506062901
5. South South,Orange/Tangerine,0.10408240874328988,0.10906331647021413,-0.00498090772692425,0.9543301277814656
5. South South,Other alcoholic beverages,0,6.093705135135358e-4,-6.093705135135358e-4,0
5. South South,Other domestic poultry,0,3.875350783186325e-4,-3.875350783186325e-4,0
5. South South,Other eggs,0,4.8507750161665616e-5,-4.8507750161665616e-5,0
5. South South,Other fish/seafood,0,0,0,NA
5. South South,Other fruits,0,2.8005266913590725e-4,-2.8005266913590725e-4,0
5. South South,Other grains/flour,0.0014549106750701133,0.004977356012053962,-0.0035224453369838483,0.2923059294024114
5. South South,Other meat,0,2.7472966011288913e-5,-2.7472966011288913e-5,0
5. South South,Other milk products,NA,0,NA,NA
5. South South,Other non-alcoholic drinks,7.8252756003914e-4,0.0016579960108091334,-8.754684507699934e-4,0.4719719196774495
5. South South,Other nuts/seeds/pulses,2.774097596280016e-4,0,2.774097596280016e-4,NA
5. South South,Other oil/fat,1.0445904741504972e-4,0.0014997983589486047,-0.001395339311533555,0.06964872763847939
5. South South,Other roots/tubers,NA,3.7983116605093983e-4,NA,NA
5. South South,Other spices,0.008451659519208343,0.0062212088930767425,0.0022304506261316007,1.3585236670984882
5. South South,Other sweets,NA,0,NA,NA
5. South South,Other vegetables,9.086159538384134e-4,0.00664455762503902,-0.005735941671200607,0.1367458911657911
5. South South,Palm oil,0.13524251710802046,0.14799971306120902,-0.012757195953188555,0.9138025629285342
5. South South,Palm wine,0.03905614062203108,0.026806769826879268,0.012249370795151815,1.4569506462083812
5. South South,Pawpaw,0.15801336481577857,0.13426282209789278,0.023750542717885792,1.1768958997492915
5. South South,Pineapples,0.06901538335647597,0.07984444884359332,-0.010829065487117345,0.8643729696433835
5. South South,Pito,0,2.4265324705689405e-4,-2.4265324705689405e-4,0
5. South South,Plantains,0.4538228000521468,0.39027634451025367,0.06354645554189314,1.1628242562885427
5. South South,Pork,0.009237412961765572,0.005391983889779221,0.003845429071986351,1.7131751783004316
5. South South,Potatoes,0,0.005761796725949332,-0.005761796725949332,0
5. South South,Rice - imported,0.04141350201692269,0.06057306016529219,-0.019159558148369497,0.6836950602118044
5. South South,Rice - local,0.553369927460311,0.4429133836755041,0.1104565437848069,1.2493863311787656
5. South South,Sachet water,2.1146757677475807,1.7645873938618446,0.3500883738857361,1.1983967329153127
5. South South,Salt,0.028496053102596387,0.03446607005058437,-0.005970016947987985,0.8267856782271362
5. South South,Seafood,0.009853775732342465,0.010267930471863522,-4.1415473952105715e-4,0.9596652177713965
5. South South,Shea butter,NA,0,NA,NA
5. South South,Snails,0.0028099922890617536,0.005759815682712144,-0.002949823393650391,0.4878614948557873
5. South South,Soft drinks,0.0878710138962904,0.12128890647055422,-0.03341789257426382,0.724476924174621
5. South South,Soya beans,0.0010244468640806747,0.0014532499963284679,-4.288031322477932e-4,0.7049350536169733
5. South South,Sugar,0.014950484105424518,0.01501015264424156,-5.96685388170419e-5,0.9960247880064076
5. South South,Sweet potatoes,0.06786362136421244,0.09647971767696824,-0.0286160963127558,0.7033978021311409
5. South South,Tea,5.090665768744461e-4,0.001170195742760373,-6.611291658859268e-4,0.4350268577063951
5. South South,Tomato puree - canned,0.027134063520329356,0.029003978542946292,-0.0018699150226169359,0.9355290164813718
5. South South,Tomatoes,0.11157159118146548,0.11939693652589929,-0.007825345344433812,0.9344594126773399
5. South South,Watermelon,0.08844742081949714,0.13158398727668452,-0.043136566457187386,0.6721746517189574
5. South South,Wheat flour,0.005366172308013235,0.014115125793106259,-0.008748953485093023,0.3801717665622251
5. South South,White beans,0.2642931833856062,0.2692826290409214,-0.004989445655315172,0.9814713423101757
5. South South,Wild game/Bush meat,0.008218510571499806,0.0130650065150875,-0.004846495943587693,0.6290475677917995
5. South South,Yam flour,0.018064543935817044,0.008341177916797032,0.009723366019020012,2.1657065843709677
5. South South,Yam roots,0.9540574509451046,0.687544566224362,0.26651288472074264,1.3876299774781047
6. South West,Agricultural eggs,0.025065729502815264,0.04281055815007138,-0.017744828647256114,0.5855034502224418
6. South West,Animal fat,0,0,0,NA
6. South West,Apples,0.007903261872100793,0.014772005788473527,-0.006868743916372735,0.5350161640383083
6. South West,Avocado pear,0.0031604641060858783,0.0022323773552786626,9.280867508072157e-4,1.4157391888126212
6. South West,Baby milk powder,7.344045378806911e-4,1.3391813818536535e-4,6.004863996953258e-4,5.483981093465853
6. South West,Bananas,0.1096277390866958,0.09592463285745975,0.013703106229236053,1.1428528399957323
6. South West,Beef,0.0674052383869933,0.07622123003139239,-0.008815991644399085,0.8843367964441384
6. South West,Beer,0.008069629065888477,0.019283475036975885,-0.011213845971087408,0.41847379947934893
6. South West,Biscuits,0.005610995029803556,0.010142134858292899,-0.004531139828489343,0.5532360896597254
6. South West,Bottled water,0.11320939878702221,0.031606375008787074,0.08160302377823514,3.5818533050863377
6. South West,Bread,0.1901443772733775,0.21820878664530083,-0.028064409371923338,0.8713873542702837
6. South West,Brown beans,0.21213308939838757,0.25789394149090267,-0.0457608520925151,0.8225594140445159
6. South West,Buns/Pofpof/Donuts,0.005287918489844293,0.005189863100304109,9.805538954018363e-5,1.0188936370083514
6. South West,Butter/Margarine,4.086231703202773e-4,0.002331858637873649,-0.0019232354675533716,0.17523496651275927
6. South West,Cake,0.0018396009020243017,0.003672830080060736,-0.0018332291780364344,0.5008674133908969
6. South West,Canned fish/seafood,0,6.446844988892218e-5,-6.446844988892218e-5,0
6. South West,Cashew nut,1.8942291497797028e-4,9.959199294463973e-5,8.983092203333054e-5,1.901989400726873
6. South West,Cassava flour,0.12967242205203872,0.11560550742699804,0.014066914625040672,1.1216803155673494
6. South West,Cassava roots,0.08099277746166315,0.05944042453137068,0.021552352930292472,1.3625874663616822
6. South West,Cheese/wara,0.003337059167215557,0.0037666564970693615,-4.2959732985380474e-4,0.8859473036131508
6. South West,Chicken,0.03286955907932794,0.03966401937620374,-0.006794460296875797,0.8286996526390338
6. South West,Chocolate drinks,0.005012913074932822,0.008332472501673197,-0.0033195594267403745,0.6016117153613417
6. South West,Coconut,0.009252404058849452,0.006083087867336063,0.0031693161915133886,1.5210045063678015
6. South West,Cocoyam,0.058189698164956914,0.015483608634334567,0.04270608953062235,3.7581483450778084
6. South West,Coffee,4.328689783448047e-5,1.2194164634235255e-4,-7.865474850787208e-5,0.3549804282037657
6. South West,Dry pepper,0.0016361001718581012,0.0030967758920684495,-0.0014606757202103482,0.5283237240539516
6. South West,Duck,0,3.27942383756996e-4,-3.27942383756996e-4,0
6. South West,Fish - dried,0.018342979871952533,0.013976447610277292,0.004366532261675242,1.3124207512118031
6. South West,Fish - fresh,0.028041439042484732,0.06252435142506768,-0.03448291238258295,0.4484882834185173
6. South West,Fish - frozen,0.10187491265577134,0.12486691457017053,-0.022992001914399193,0.8158679423324859
6. South West,Fish - smoked,0.0662302624582642,0.07242304240827571,-0.006192779950011509,0.9144915796950299
6. South West,Fresh milk,0.0185060190246232,0.016378490658319006,0.0021275283663041954,1.1298977061249276
6. South West,Fresh pepper,0.16697947108981817,0.16693670387572981,4.2767214088357264e-5,1.000256188202447
6. South West,Fruit juice,0.0032718213044734394,0.00142834351138941,0.0018434777930840293,2.2906403665395594
6. South West,Garden eggs/Eggplant,0.005950173732876546,0.01932718022124479,-0.013377006488368242,0.30786558953571547
6. South West,Gari - white,0.2603660733369011,0.28006579477499544,-0.019699721438094342,0.9296603805047986
6. South West,Gari - yellow,0.056311101175414775,0.05872622487707992,-0.0024151237016651478,0.9588748688218892
6. South West,Gin,6.946857136146869e-4,0.0014021458814591293,-7.074601678444424e-4,0.4954446771913412
6. South West,Goat,0.0025098065820278502,0.00450896820787768,-0.0019991616258498296,0.5566254775633444
6. South West,Ground pepper,0.0010721881958778573,0.0021866981914266076,-0.0011145099955487503,0.49032289873453405
6. South West,Groundnut oil,0.05332975183759534,0.06893453128609517,-0.015604779448499827,0.7736289903279944
6. South West,Groundnuts - shelled,0.00678470969965948,0.006926067279286482,-1.4135757962700172e-4,0.9795904986297557
6. South West,Groundnuts - unshelled,3.9124943631614785e-4,0.00448574347784814,-0.004094494041531992,0.08722064430305641
6. South West,Guava,4.4635389386075486e-4,0.0015043006553575175,-0.0010579467614967625,0.29671853978862545
6. South West,Guinea corn / sorghum,0.014888451174582451,0.022539683677204585,-0.007651232502622134,0.6605439272264422
6. South West,Honey,0.0010758737918432019,0.0030358369427223395,-0.0019599631508791376,0.35439116531681336
6. South West,Kola nut,3.4313024237034984e-4,7.68424002636163e-4,-4.252937602658131e-4,0.44653764223033615
6. South West,Leaves,0.10509210991133645,0.09508325045335132,0.010008859457985131,1.105264170190475
6. South West,Local eggs,6.010305716113204e-4,0.0015057166831377582,-9.046861115264379e-4,0.39916577822518023
6. South West,Maize - shelled/off cob,0.01819724804634702,0.0049837397265067715,0.013213508319840247,3.65132391436138
6. South West,Maize - unshelled/on cob,5.810324546346417e-4,0.18014765079707032,-0.17956661834243567,0.003225312414920988
6. South West,Maize flour,0.01895872068787994,0.0491980416133471,-0.03023932092546716,0.38535519029148846
6. South West,Malt drinks,0.013930466421110312,0.02363904175812647,-0.009708575337016159,0.5892991164213072
6. South West,Mangoes,0.029239600006908745,0,0.029239600006908745,NA
6. South West,Meat pie/Sausage roll,6.16992817007558e-4,0.001267888005802947,-6.508951887953891e-4,0.48663037601402304
6. South West,Melon - ground,0.004422326662792776,0.004996149401706143,-5.73822738913367e-4,0.8851470016654404
6. South West,Melon - shelled,0.010876740147683259,0.010700670368913506,1.7606977876975273e-4,1.0164540886411428
6. South West,Melon - unshelled,5.183787402819656e-4,0.0010311277435159105,-5.127490032339449e-4,0.5027298931114125
6. South West,Milk - tinned,0.0026491869864037174,0.004896015323584227,-0.00224682833718051,0.5410904197220376
6. South West,Milk powder,0.0057090871412680344,0.014514991826585938,-0.008805904685317903,0.3933234830219581
6. South West,Millet,0.007367229353402493,0.005507467850414711,0.0018597615029877822,1.3376799562883954
6. South West,Mutton,0,0,0,NA
6. South West,Ogbono - ground,0.0012544556182390934,0.0010925455646859253,1.619100535531681e-4,1.148195241266402
6. South West,Ogbono - unground,7.431925977836323e-4,5.561716493425592e-4,1.8702094844107316e-4,1.3362648000165909
6. South West,Okra - dried,0.0011782495010173456,1.6757756472392883e-4,0.0010106719362934168,7.0310694809202
6. South West,Okra - fresh,0.03970184935655935,0.04331294684211467,-0.003611097485555319,0.916627758006894
6. South West,Onions,0.16631667590798158,0.1805583260090891,-0.014241650101107534,0.9211243789422892
6. South West,Orange/Tangerine,0.08562442326522665,0.07018286460874107,0.015441558656485582,1.2200189283035106
6. South West,Other alcoholic beverages,0,0,0,NA
6. South West,Other domestic poultry,3.400517409332471e-4,3.7863154274824244e-4,-3.8579801814995324e-5,0.8981072693126162
6. South West,Other eggs,0,0,0,NA
6. South West,Other fish/seafood,0,0,0,NA
6. South West,Other fruits,4.219963994064186e-4,5.128921529786602e-4,-9.089575357224157e-5,0.8227780381424096
6. South West,Other grains/flour,0.029689268859455623,0.012558172537519962,0.01713109632193566,2.3641392703240225
6. South West,Other meat,0.005381556003262327,0.0028993367039604383,0.0024822192993018887,1.856133506643511
6. South West,Other milk products,NA,3.1910701150876915e-4,NA,NA
6. South West,Other non-alcoholic drinks,0,7.410115708499314e-6,-7.410115708499314e-6,0
6. South West,Other nuts/seeds/pulses,2.8725850388190905e-4,4.41709430197923e-4,-1.5445092631601395e-4,0.6503336452499849
6. South West,Other oil/fat,3.757840137710588e-4,0,3.757840137710588e-4,NA
6. South West,Other roots/tubers,NA,0,NA,NA
6. South West,Other spices,0.00542751221062127,0.005985801740282836,-5.582895296615655e-4,0.9067310355596265
6. South West,Other sweets,NA,0,NA,NA
6. South West,Other vegetables,0.0024084933680295355,0.005576095270873095,-0.00316760190284356,0.4319318897957814
6. South West,Palm oil,0.1455614506182418,0.12877492935765222,0.016786521260589576,1.1303555074293044
6. South West,Palm wine,0.00791860213045456,0.011648828163836025,-0.003730226033381464,0.6797767139391745
6. South West,Pawpaw,0.10146722577330596,0.07531168104443649,0.026155544728869468,1.3472973165137132
6. South West,Pineapples,0.07039313893538551,0.055359427281237605,0.015033711654147908,1.2715655199569438
6. South West,Pito,3.918770416071828e-5,2.447571372697397e-4,-2.0556943310902142e-4,0.16010852471088782
6. South West,Plantains,0.1274008551497191,0.1373469254858923,-0.009946070336173202,0.9275843248693992
6. South West,Pork,3.0410685226310666e-4,5.705431623173825e-4,-2.664363100542758e-4,0.5330128767610008
6. South West,Potatoes,0.004217677035397504,0.004493722729758458,-2.760456943609541e-4,0.9385708217970556
6. South West,Rice - imported,0.2562838054544713,0.32622101978764534,-0.06993721433317401,0.785614015986156
6. South West,Rice - local,0.1580758627731188,0.1364303138236752,0.021645548949443594,1.158656447696944
6. South West,Sachet water,2.427440288666344,2.31584268152063,0.11159760714571387,1.0481887686224163
6. South West,Salt,0.025157403867473956,0.043849139598239356,-0.0186917357307654,0.5737262828409998
6. South West,Seafood,1.1293852393294997e-4,7.850665329751748e-4,-6.721280090422248e-4,0.14385853833935025
6. South West,Shea butter,NA,0,NA,NA
6. South West,Snails,2.8842559195259895e-4,0.0017530214629945078,-0.0014645958710419087,0.16453055369893244
6. South West,Soft drinks,0.07172965872788031,0.1004316712275269,-0.028702012499646587,0.7142135329539376
6. South West,Soya beans,7.431401034858775e-4,9.652721144050462e-4,-2.2213201091916867e-4,0.7698762788189716
6. South West,Sugar,0.015783093787109872,0.018827132994847954,-0.003044039207738082,0.8383163698598675
6. South West,Sweet potatoes,0.04373514292296456,0.0420025040048729,0.0017326389180916599,1.0412508482325398
6. South West,Tea,0.0014938759680575891,0.001535929512625528,-4.205354456793893e-5,0.9726201337872254
6. South West,Tomato puree - canned,0.0077041519191842584,0.010722200962027422,-0.003018049042843164,0.7185233653490027
6. South West,Tomatoes,0.2700015742211705,0.25457571021545417,0.015425864005716328,1.0605944062481885
6. South West,Watermelon,0.13894702543676773,0.1974098519463286,-0.05846282650956086,0.7038505123571258
6. South West,Wheat flour,0.04528204604302769,0.03361674101371183,0.011665305029315863,1.347008802089344
6. South West,White beans,0.05714440955981726,0.056975189672206175,1.6921988761108703e-4,1.002970062734054
6. South West,Wild game/Bush meat,0.01633274657491582,0.0052547463331722,0.01107800024174362,3.1081893471832007
6. South West,Yam flour,0.09498736009697632,0.08382202802972585,0.011165332067250469,1.1332028385580328
6. South West,Yam roots,0.9902773507636252,1.0753735091039613,-0.08509615834033613,0.9208682772823359
