survey_period,product,zone,estimate_kg_person_week,se,cv,ci_low,ci_high,estimate_kg_person_year_equivalent
Post-Planting,Agricultural eggs,1. North Central,0.013237025297405051,0.0027074644063208226,0.2045372238467797,0.00793039506101624,0.018543655533793862,0.6902163190789777
Post-Planting,Animal fat,1. North Central,0.0022173448248835204,0.0019393925998294104,0.8746463689657692,0,0.006018554320549164,0.115618694440355
Post-Planting,Apples,1. North Central,0.001990413356066935,6.744094641848362e-4,0.3388288478517207,6.68570806264656e-4,0.003312255905869214,0.10378583928063304
Post-Planting,Avocado pear,1. North Central,9.694246614076806e-4,4.546907841118465e-4,0.4690315835906216,7.823072454846136e-5,0.0018606185982668996,0.05054857163054334
Post-Planting,Baby milk powder,1. North Central,1.4077198932724283e-4,9.645963727811735e-5,0.685218968198882,0,3.2983287839235284e-4,0.007340253729206233
Post-Planting,Bananas,1. North Central,0.0743790296931164,0.021439987308923842,0.2882531191571603,0.03235665456762567,0.11640140481860713,3.878335119712498
Post-Planting,Beef,1. North Central,0.04961152973677524,0.005471035897046612,0.11027750859677948,0.038888299378563876,0.0603347600949866,2.5868869077032803
Post-Planting,Beer,1. North Central,0.014236072267036656,0.0053198798527044995,0.3736901409964444,0.0038091077557358376,0.024663036778337474,0.7423094824954827
Post-Planting,Biscuits,1. North Central,0.008057328190132022,0.0015134526012718227,0.18783554120649817,0.00509096109163925,0.011023695288624794,0.42013211277116974
Post-Planting,Bottled water,1. North Central,0.014580844241304772,0.005723175650348968,0.39251332471794015,0.003363419966620795,0.02579826851598875,0.760286878296606
Post-Planting,Bread,1. North Central,0.10282074736513871,0.011558701087291212,0.11241603843087976,0.08016569323404794,0.1254758014962295,5.361367541182233
Post-Planting,Brown beans,1. North Central,0.052439492118782564,0.009646502945225706,0.1839549270114033,0.03353234634614018,0.07134663789142495,2.734344946193662
Post-Planting,Buns/Pofpof/Donuts,1. North Central,0.0026016614330202437,6.758406150370065e-4,0.2597727000366953,0.001277013827547711,0.003926309038492776,0.13565806043605558
Post-Planting,Butter/Margarine,1. North Central,1.7434997817931608e-4,9.051863464314556e-5,0.5191777801661015,0,3.5176650207988135e-4,0.009091106005064338
Post-Planting,Cake,1. North Central,0.0043279267461667935,0.0014374831717004612,0.3321412898158749,0.0015104597296338898,0.007145393762699697,0.22567046605012567
Post-Planting,Canned fish/seafood,1. North Central,0,0,NA,0,0,0
Post-Planting,Cashew nut,1. North Central,0,0,NA,0,0,0
Post-Planting,Cassava flour,1. North Central,0.16547396003164255,0.018261615143451444,0.11035944954698243,0.12968119435047773,0.20126672571280738,8.62828505879279
Post-Planting,Cassava roots,1. North Central,0.5306293749701553,0.1075864141521403,0.20275246570771058,0.3197600032319603,0.7414987467083503,27.66853169487238
Post-Planting,Cheese/wara,1. North Central,0.005589582286116871,0.001428482977342444,0.255561668872903,0.0027897556505256807,0.008389408921708062,0.2914567906332368
Post-Planting,Chicken,1. North Central,0.028717804887515914,0.004601782440921876,0.1602414411180272,0.019698311303309037,0.03773729847172279,1.497428397706187
Post-Planting,Chocolate drinks,1. North Central,0.0026232660784097704,5.056137518124572e-4,0.19274207674692356,0.0016322631248573544,0.003614269031962186,0.13678458837422375
Post-Planting,Coconut,1. North Central,0.0032965748017389288,0.0011022372126520171,0.3343583200571065,0.0011361898649409753,0.005456959738536882,0.17189282894781557
Post-Planting,Cocoyam,1. North Central,0.010717817559894491,0.004884491370011488,0.4557356329976167,0.0011442144746719746,0.020291420645117006,0.5588576299087842
Post-Planting,Coffee,1. North Central,1.5436804804442022e-4,6.272589608676933e-5,0.40633989275241483,3.1425291714352345e-5,2.773108043744881e-4,0.008049191076601911
Post-Planting,Dry pepper,1. North Central,0.002597190349284775,4.247129248894339e-4,0.1635278388456946,0.0017647530165014842,0.0034296276820680654,0.13542492535556325
Post-Planting,Duck,1. North Central,0.00132053776163233,0.0013124932631324395,0.9939081647389268,0,0.0038930245573719118,0.06885661185654292
Post-Planting,Fish - dried,1. North Central,0.0384913522107285,0.0041715809736925825,0.10837709599949724,0.030315053502291037,0.04666765091916596,2.0070490795594145
Post-Planting,Fish - fresh,1. North Central,0.08800445760759265,0.04634061146737442,0.5265711843143767,0,0.1788320560836465,4.588803860967331
Post-Planting,Fish - frozen,1. North Central,0.035597628938420035,0.007692182684425288,0.21608693932205186,0.02052095087694647,0.0506743069998936,1.8561620803604733
Post-Planting,Fish - smoked,1. North Central,0.03595007552419203,0.005824779306018563,0.1620241187559918,0.024533508084395646,0.04736664296398841,1.8745396523328701
Post-Planting,Fresh milk,1. North Central,0.014034564476675773,0.006501312469432504,0.46323578335737603,0.0012919920365880664,0.026777136916763478,0.7318022905695224
Post-Planting,Fresh pepper,1. North Central,0.07853146128990963,0.008077010636989405,0.1028506346924071,0.0627005204414104,0.09436240213840887,4.094854767259574
Post-Planting,Fruit juice,1. North Central,0,0,NA,0,0,0
Post-Planting,Garden eggs/Eggplant,1. North Central,0.01760470388560532,0.002783053124098176,0.1580857674279753,0.012149919762372896,0.023059488008837746,0.9179595597494202
Post-Planting,Gari - white,1. North Central,0.15874782909824384,0.015341818608266255,0.09664269864611318,0.12867786462604197,0.1888177935704457,8.277565374408429
Post-Planting,Gari - yellow,1. North Central,0.026673970024165394,0.007072822443803376,0.26515822119451,0.012811238034310776,0.040536702014020015,1.3908570084029097
Post-Planting,Gin,1. North Central,5.66481517837579e-4,2.639676512299528e-4,0.46597751721466996,4.9104921426871445e-5,0.0010838581142482867,0.029537964858673764
Post-Planting,Goat,1. North Central,0.048904252756026514,0.02477038863045411,0.5065078645415277,3.5429104033646297e-4,0.09745421447171657,2.550007465135668
Post-Planting,Ground pepper,1. North Central,0.002042720963536697,3.8289901507594827e-4,0.18744557965127553,0.0012922388939878384,0.0027932030330855557,0.10651330738441349
Post-Planting,Groundnut oil,1. North Central,0.05031644039265489,0.005752271878681072,0.1143219161330176,0.03904198751043999,0.061590893274869794,2.623642963331291
Post-Planting,Groundnuts - shelled,1. North Central,0.012537375631673418,0.0022262993308852096,0.17757299424457426,0.008173828943138409,0.016900922320208428,0.6537345865086853
Post-Planting,Groundnuts - unshelled,1. North Central,0.05163941623237296,0.008876223552389503,0.17188853399208184,0.03424201806968953,0.06903681439505639,2.692626703545162
Post-Planting,Guava,1. North Central,0.0029607198267241263,0.0016147482907311404,0.5453904405800432,0,0.006125626476557161,0.15438039096490086
Post-Planting,Guinea corn / sorghum,1. North Central,0.30791201880274155,0.03209789481243463,0.10424372175286079,0.24500014497036968,0.3708238926351134,16.055412409000095
Post-Planting,Honey,1. North Central,0.0020202262489050537,0.001066238871075535,0.5277819113841471,0,0.004110054436213102,0.10534036869290637
Post-Planting,Kola nut,1. North Central,8.833457222859772e-4,3.064541936065781e-4,0.346924410086593,2.826955028170842e-4,0.0014839959417548704,0.04606016980491167
Post-Planting,Leaves,1. North Central,0.05311886620650964,0.009967103253546753,0.18763772582791494,0.03358334382955801,0.07265438858346128,2.769769452196574
Post-Planting,Local eggs,1. North Central,0.0014398985241336358,4.7432805455096687e-4,0.32941769617852934,5.102155372137408e-4,0.002369581511053531,0.07508042304411101
Post-Planting,Maize - shelled/off cob,1. North Central,0.03563014805048213,0.007907439788939239,0.22193115161171043,0.020131566064161225,0.051128730036803044,1.8578577197751398
Post-Planting,Maize - unshelled/on cob,1. North Central,0.22759287840844175,0.03375970526119357,0.14833375058690487,0.16142385609650237,0.2937619007203811,11.867342945583035
Post-Planting,Maize flour,1. North Central,0.37626849806195095,0.04440911606953642,0.11802507065639242,0.28922663056565956,0.46331036555824234,19.619714541801727
Post-Planting,Malt drinks,1. North Central,0.017699362683558355,0.002979618302328365,0.16834607864701542,0.01185931081099476,0.02353941455612195,0.9228953399283999
Post-Planting,Mangoes,1. North Central,0.011886723511704443,0.0053732080160203135,0.45203440718794397,0.001355235800304628,0.022418211223104258,0.6198077259674459
Post-Planting,Meat pie/Sausage roll,1. North Central,0.0013618922811236072,7.428186469204338e-4,0.5454312776540471,0,0.0028178168290876574,0.07101295465858809
Post-Planting,Melon - ground,1. North Central,0.0035799224528171732,7.113011943513374e-4,0.19869178836306586,0.002185772111888552,0.004974072793745794,0.1866673850397526
Post-Planting,Melon - shelled,1. North Central,0.010784679069036246,0.002231633281089933,0.20692625777777168,0.0064106778380999775,0.015158680299972513,0.5623439800283185
Post-Planting,Melon - unshelled,1. North Central,8.764599385089024e-4,4.341024514078138e-4,0.49529069422880934,2.5619133749587414e-5,0.0017273007432682176,0.04570112536510706
Post-Planting,Milk - tinned,1. North Central,9.268454771265548e-4,3.4424021143874243e-4,0.3714105748306291,2.521346627066196e-4,0.00160155629154649,0.04832837130731321
Post-Planting,Milk powder,1. North Central,0.004015847314375854,7.503642295110742e-4,0.18685078658865706,0.0025451334245341485,0.005486561204217559,0.20939775282102666
Post-Planting,Millet,1. North Central,0.11905166782114403,0.020539220283983514,0.17252358291057618,0.07879479606453635,0.1593085395777517,6.207694107816796
Post-Planting,Mutton,1. North Central,0.00460946683996597,0.001351795871550014,0.2932651255519161,0.001959946931727942,0.007258986748203997,0.24035077094108268
Post-Planting,Ogbono - ground,1. North Central,9.195026925850909e-4,2.0629032837516428e-4,0.2243498904774269,5.151736489697689e-4,0.0013238317362004128,0.04794549754193689
Post-Planting,Ogbono - unground,1. North Central,0.001199525016759395,3.4301766534641385e-4,0.2859612434537641,5.272103926804238e-4,0.001871839640838366,0.06254666158816845
Post-Planting,Okra - dried,1. North Central,0.003113339355668975,6.03153927432511e-4,0.19373215012178108,0.0019311576579012532,0.004295521053436696,0.16233840925988227
Post-Planting,Okra - fresh,1. North Central,0.08297201464926686,0.00764240542221037,0.09210823016068465,0.06799290002173454,0.09795112927679918,4.3263979067117715
Post-Planting,Onions,1. North Central,0.16904347248644314,0.009238384244204442,0.05465093746784773,0.15093623936780243,0.18715070560508384,8.814409636793107
Post-Planting,Orange/Tangerine,1. North Central,0.08707137965180647,0.02944330142355698,0.3381513137990816,0.029362508861634794,0.14478025044197815,4.540150510415623
Post-Planting,Other alcoholic beverages,1. North Central,4.016439843942808e-4,4.0714663441003356e-4,1.0137003172699108,0,0.0011996513878379466,0.020942864900558928
Post-Planting,Other domestic poultry,1. North Central,0,0,NA,0,0,0
Post-Planting,Other eggs,1. North Central,0,0,NA,0,0,0
Post-Planting,Other fish/seafood,1. North Central,0,0,NA,0,0,0
Post-Planting,Other fruits,1. North Central,0,0,NA,0,0,0
Post-Planting,Other grains/flour,1. North Central,0.0014734379246883773,9.866709983928836e-4,0.6696386606185383,0,0.003407313081538429,0.07682926321589396
Post-Planting,Other meat,1. North Central,0,0,NA,0,0,0
Post-Planting,Other milk products,1. North Central,2.666265608604718e-4,2.6932426145321806e-4,1.0101178989221482,0,7.945021133087791e-4,0.013902670673438885
Post-Planting,Other non-alcoholic drinks,1. North Central,5.289986833132195e-4,3.8063320318396923e-4,0.7195352563072388,0,0.0012750397615537991,0.02758350277276073
Post-Planting,Other nuts/seeds/pulses,1. North Central,2.864710018239392e-4,2.7863217115636595e-4,0.9726365648960487,0,8.325900572904166e-4,0.014937416523676831
Post-Planting,Other oil/fat,1. North Central,0,0,NA,0,0,0
Post-Planting,Other roots/tubers,1. North Central,0,0,NA,0,0,0
Post-Planting,Other spices,1. North Central,0.005833985368783656,9.213587440371571e-4,0.157929560291176,0.0040281222304708285,0.007639848507096484,0.30420066565800497
Post-Planting,Other sweets,1. North Central,6.818506068721248e-6,6.906429506225327e-6,1.0128948242647187,0,2.0355107900922888e-5,3.555363878690365e-4
Post-Planting,Other vegetables,1. North Central,7.486051120709848e-4,5.874440243635414e-4,0.7847181576657979,0,0.0018999953998235257,0.03903440941512992
Post-Planting,Palm oil,1. North Central,0.1730239661361217,0.053244766411915355,0.3077305855422742,0.0686642239687676,0.2773837083034758,9.021963948526345
Post-Planting,Palm wine,1. North Central,0.00399563862676791,0.0015189686129263404,0.3801566544958148,0.001018460145432283,0.0069728171081035375,0.20834401411004103
Post-Planting,Pawpaw,1. North Central,0.002698938071494757,0.0011938997904804576,0.44235909044746563,3.588944821530599e-4,0.005038981660836454,0.14073034229936945
Post-Planting,Pineapples,1. North Central,0.01867679797662084,0.006355437366173005,0.34028516955254245,0.006220140738921751,0.031133455214319934,0.973861608780944
Post-Planting,Pito,1. North Central,0.0030707986749497233,0.0026868232002061126,0.8749590854405662,0,0.008336972147353704,0.16012021662237844
Post-Planting,Plantains,1. North Central,0.026755407347273216,0.006946882483889533,0.2596440560116356,0.013139517678849731,0.0403712970156967,1.3951033831078177
Post-Planting,Pork,1. North Central,0.005727890896626605,0.002438733914050092,0.42576472877414,9.479724250884246e-4,0.010507809368164785,0.29866859675267293
Post-Planting,Potatoes,1. North Central,0.07415899020673959,0.03407627101346556,0.45950289935809696,0.007369499020347101,0.1409484813931321,3.8668616322085643
Post-Planting,Rice - imported,1. North Central,0.04268580709133793,0.015103569170428686,0.3538311724576387,0.013082811517297704,0.07228880266537815,2.225759941191192
Post-Planting,Rice - local,1. North Central,0.4615293074067712,0.03117308064085771,0.06754301436676297,0.40043006935069014,0.5226285454628523,24.06545674335307
Post-Planting,Sachet water,1. North Central,0.6229750913159184,0.11235699955246929,0.18035552483348272,0.40275537219307866,0.8431948104387582,32.48370119004432
Post-Planting,Salt,1. North Central,0.03812256982485863,0.002937205018001587,0.07704635420685413,0.032365647989575516,0.04387949166014174,1.9878197122962
Post-Planting,Seafood,1. North Central,0,0,NA,0,0,0
Post-Planting,Shea butter,1. North Central,2.830109901488877e-4,2.0357369525679877e-4,0.7193137452001487,0,6.820154328522133e-4,0.014757001629192
Post-Planting,Snails,1. North Central,3.779083733039499e-4,2.3578100014426206e-4,0.6239104947130254,0,8.400391335867035e-4,0.01970522232227739
Post-Planting,Soft drinks,1. North Central,0.06553033001276486,0.010408010701805982,0.15882738114974507,0.04513062903722513,0.08593003098830458,3.4169386363798817
Post-Planting,Soya beans,1. North Central,0.02018422390412086,0.003636842197664497,0.18018241449065528,0.013056013196698444,0.027312434611543274,1.0524631035720162
Post-Planting,Sugar,1. North Central,0.038427497769767706,0.004591501932500827,0.11948480122255388,0.029428153982066087,0.047426841557469325,2.003719526566459
Post-Planting,Sweet potatoes,1. North Central,0.1633594682968668,0.028499934576004717,0.17446147978526044,0.10749959652789753,0.21921934006583604,8.518029418336626
Post-Planting,Tea,1. North Central,0.001665420308742911,4.185666204667624e-4,0.25132791900604595,8.450297326280567e-4,0.002485810884857765,0.08683977324159464
Post-Planting,Tomato puree - canned,1. North Central,0.009254551224778673,0.0020274565559646436,0.21907670147594124,0.005280736375087971,0.013228366074469373,0.48255874243488794
Post-Planting,Tomatoes,1. North Central,0.1917147676316842,0.02207567833562235,0.11514855432542047,0.1484464380938644,0.23498309716950402,9.996555740794962
Post-Planting,Watermelon,1. North Central,0.10843200550888421,0.01683140750791243,0.1552254560719471,0.07544244679337585,0.14142156422439256,5.653954572963248
Post-Planting,Wheat flour,1. North Central,0.009177298763652196,0.0032766740915017058,0.3570412357587584,0.0027550175443088526,0.015599579982995538,0.47853057839043595
Post-Planting,White beans,1. North Central,0.18082183485870482,0.014719622394804822,0.08140400967785122,0.15197137496488736,0.20967229475252228,9.42856710334675
Post-Planting,Wild game/Bush meat,1. North Central,1.89628476476106e-4,1.49296466476664e-4,0.7873103726352829,0,4.822495507703675e-4,0.009887770559111242
Post-Planting,Yam flour,1. North Central,0.05552729065893179,0.012964476873313724,0.23347937058456741,0.03011691598723689,0.08093766533062668,2.895351584358586
Post-Planting,Yam roots,1. North Central,0.5240225716472009,0.08202237146104528,0.15652450084968283,0.36325872358355216,0.6847864197108496,27.32403409303262
Post-Planting,Agricultural eggs,2. North East,0.0020671862487392626,6.806611791708724e-4,0.32926940162551616,7.330903375643528e-4,0.0034012821599141724,0.10778899725569012
Post-Planting,Animal fat,2. North East,3.2884243214512126e-4,1.865646682497312e-4,0.5673375757280571,0,6.945091819145943e-4,0.017146783961852752
Post-Planting,Apples,2. North East,1.8596218075537225e-4,1.1256605962137592e-4,0.605316947586527,0,4.0659165761326905e-4,0.009696599425101553
Post-Planting,Avocado pear,2. North East,0.0013657667525054388,0.0013538781973143454,0.9912953253772766,0,0.004019368019241556,0.07121498066635502
Post-Planting,Baby milk powder,2. North East,0,0,NA,0,0,0
Post-Planting,Bananas,2. North East,0.012747242596683897,0.004250977269550654,0.33348210307510073,0.004415327148364616,0.02107915804500318,0.6646776496842318
Post-Planting,Beef,2. North East,0.02076558316146764,0.007147950061690811,0.3442210125335877,0.006755601040553651,0.034775565282381626,1.0827768362765269
Post-Planting,Beer,2. North East,0.029730733013303628,0.017907409550204798,0.6023198130430137,0,0.06482925573170503,1.5502453642651177
Post-Planting,Biscuits,2. North East,0.0026647884501020984,3.5265594292597255e-4,0.13233918921873927,0.001973582801967192,0.0033559940982370046,0.13894968346960943
Post-Planting,Bottled water,2. North East,0.0022338368681750166,0.00185829867689135,0.8318864745076614,0,0.005876102274882063,0.1164786366976973
Post-Planting,Bread,2. North East,0.06384392623841226,0.00876802594047648,0.13733531844100655,0.046658595395078356,0.08102925708174616,3.3290047252886388
Post-Planting,Brown beans,2. North East,0.033556199861352776,0.010967324809393466,0.3268345299738399,0.012060243234941582,0.05505215648776397,1.7497161356276805
Post-Planting,Buns/Pofpof/Donuts,2. North East,0.001786609700975406,5.130983345969942e-4,0.28719106042963183,7.809369651652974e-4,0.0027922824367855145,0.09315893440800331
Post-Planting,Butter/Margarine,2. North East,0,0,NA,0,0,0
Post-Planting,Cake,2. North East,0.0011790342079167004,5.462488787659212e-4,0.463301976395679,1.0838640553549497e-4,0.002249682010297906,0.06147821226994223
Post-Planting,Canned fish/seafood,2. North East,0,0,NA,0,0,0
Post-Planting,Cashew nut,2. North East,0,0,NA,0,0,0
Post-Planting,Cassava flour,2. North East,0.03836137367602488,0.007344530575748635,0.19145640189467003,0.023966093747557555,0.05275665360449221,2.000271627392726
Post-Planting,Cassava roots,2. North East,1.818860843553303,0.268798039082887,0.14778372959954797,1.2920166869508445,2.3457050001557613,94.84060112813651
Post-Planting,Cheese/wara,2. North East,0.0019752739555209463,7.913392373182277e-4,0.40062252383089053,4.2424905037722e-4,0.0035262988606646725,0.10299642768073505
Post-Planting,Chicken,2. North East,0.007770203820139036,0.001788380201198394,0.2301587246094136,0.004264978625790184,0.011275429014487888,0.4051606277643926
Post-Planting,Chocolate drinks,2. North East,5.013237932732381e-4,3.4025191538596903e-4,0.6787068955263419,0,0.0011682175474297374,0.026140454934961702
Post-Planting,Coconut,2. North East,4.1985254342185387e-4,2.7106194148335765e-4,0.6456122410838979,0,9.511339487292348e-4,0.021892311192710952
Post-Planting,Cocoyam,2. North East,1.7097482402876884e-4,1.6738737733976882e-4,0.9790176904150731,0,4.990540836147157e-4,0.008915115824357233
Post-Planting,Coffee,2. North East,1.837706880311633e-5,1.3780026983590811e-5,0.7498490173391545,0,4.538592169095431e-5,9.582328733053514e-4
Post-Planting,Dry pepper,2. North East,0.006496527407158026,0.0010262722534303762,0.1579724349811263,0.004485033790434489,0.008508021023881564,0.3387475005160971
Post-Planting,Duck,2. North East,6.8949181332209e-4,3.7793273163384545e-4,0.5481322973407047,0,0.001430239967324427,0.03595207312322326
Post-Planting,Fish - dried,2. North East,0.011400570111793532,0.0019115239707335546,0.16766915619036832,0.007653983129155765,0.015147157094431297,0.594458298686377
Post-Planting,Fish - fresh,2. North East,0.01945052604460024,0.005552341129833049,0.2854596897328884,0.008567937430127463,0.030333114659073016,1.0142060008970124
Post-Planting,Fish - frozen,2. North East,9.890328963275392e-4,7.462187118321363e-4,0.7544933182738243,0,0.0024516215715185263,0.05157100102279312
Post-Planting,Fish - smoked,2. North East,0.004690897905529725,0.001442270186329272,0.30746143177174984,0.0018640483403243521,0.0075177474707350984,0.24459681935976424
Post-Planting,Fresh milk,2. North East,0.04427652577650446,0.009262320168736873,0.20919256889057825,0.026122378245780193,0.062430673307228735,2.308704558346304
Post-Planting,Fresh pepper,2. North East,0.03963207923926229,0.005046839891210155,0.12734229412345352,0.029740273052490385,0.0495238854260342,2.066529846047248
Post-Planting,Fruit juice,2. North East,2.9626821636689497e-4,2.182396563885076e-4,0.7366286504328978,0,7.240179428883698e-4,0.015448271281988096
Post-Planting,Garden eggs/Eggplant,2. North East,0.027707758263167657,0.006686951252446302,0.2413385878761389,0.014601333808372906,0.04081418271796241,1.4447616808651706
Post-Planting,Gari - white,2. North East,0.022499653724929583,0.005279665184796314,0.2346553973382467,0.012151509962728808,0.03284779748713036,1.173196229942757
Post-Planting,Gari - yellow,2. North East,0.004428919234066174,0.002707875444010176,0.6114077274613304,0,0.00973635510432612,0.23093650291916482
Post-Planting,Gin,2. North East,2.1710486501070778e-4,1.3323239872086955e-4,0.613677628616468,0,4.7824036650361213e-4,0.01132046796127262
Post-Planting,Goat,2. North East,0.011072055053893082,0.0035274842318795694,0.31859345123462507,0.004158185959409126,0.017985924148377037,0.5773285849529964
Post-Planting,Ground pepper,2. North East,0.0020395378752308554,4.2860707145671664e-4,0.21014911106183923,0.0011994680151756908,0.0028796077352860197,0.10634733206560888
Post-Planting,Groundnut oil,2. North East,0.03813978357080744,0.00412703328753311,0.1082080940462384,0.030050798327242542,0.04622876881437234,1.9887172861921023
Post-Planting,Groundnuts - shelled,2. North East,0.016324966895391584,0.003068911625019544,0.18798884216334152,0.010309900110353277,0.022340033680429888,0.8512304166882754
Post-Planting,Groundnuts - unshelled,2. North East,0.02200910244040797,0.007888657185719775,0.3584270284115024,0.0065473343563972105,0.03747087052441873,1.1476174843927012
Post-Planting,Guava,2. North East,0.004684703816979025,0.0019630039304019847,0.41902412769135233,8.372161133911355e-4,0.008532191520566916,0.2442738418853349
Post-Planting,Guinea corn / sorghum,2. North East,0.5590863095639959,0.07387544576237301,0.13213603069619942,0.4142904358697448,0.7038821832582469,29.15235757012264
Post-Planting,Honey,2. North East,2.9572898665085486e-4,1.9353971989606586e-4,0.6544496097183864,0,6.750668376471439e-4,0.015420154303937433
Post-Planting,Kola nut,2. North East,0.0039710038221790955,0.0013180291281838354,0.3319133365780959,0.0013876667309387783,0.006554340913419413,0.20705948501362426
Post-Planting,Leaves,2. North East,0.08228008303546294,0.0099328950122415,0.12072052732324534,0.0628116088114696,0.10174855725945628,4.290318615420568
Post-Planting,Local eggs,2. North East,9.264409213373104e-4,3.059613974604426e-4,0.33025462327245825,3.267565823148429e-4,0.001526125260359778,0.04830727661258833
Post-Planting,Maize - shelled/off cob,2. North East,0.13293475186029077,0.03304100272386725,0.24855052769491046,0.06817438652151096,0.19769511719907057,6.931597775572305
Post-Planting,Maize - unshelled/on cob,2. North East,0.06566604696304175,0.019356197901442936,0.29476721679831003,0.027727899076213598,0.10360419484986991,3.424015305930034
Post-Planting,Maize flour,2. North East,0.4161016769717987,0.03549548765096054,0.0853048416177526,0.346530521175916,0.48567283276768136,21.69673029924379
Post-Planting,Malt drinks,2. North East,0.003788262445053171,9.279449635456016e-4,0.24495266022483222,0.001969490316503792,0.00560703457360255,0.1975308274920582
Post-Planting,Mangoes,2. North East,9.02682750692075e-5,9.150714712894141e-5,1.013724335141932,0,2.6962228344193265e-4,0.004706845771465819
Post-Planting,Meat pie/Sausage roll,2. North East,0,0,NA,0,0,0
Post-Planting,Melon - ground,2. North East,8.210313920318341e-5,4.952028864084285e-5,0.6031473232502513,0,1.7916290493923538e-4,0.0042810922584517064
Post-Planting,Melon - shelled,2. North East,1.054393170058607e-4,5.52800520376272e-5,0.524283100530275,0,2.1378821899961e-4,0.005497907243877022
Post-Planting,Melon - unshelled,2. North East,0,0,NA,0,0,0
Post-Planting,Milk - tinned,2. North East,1.8619158176198853e-5,1.893384513698047e-5,1.0169012453626332,0,5.572949464468057e-5,9.708561049017973e-4
Post-Planting,Milk powder,2. North East,8.788353776239869e-4,3.872196613374741e-4,0.44060545489686415,1.1988484140253771e-4,0.001637785913845436,0.04582498754753646
Post-Planting,Millet,2. North East,0.3030458335374629,0.05198341035872909,0.17153646282453455,0.20115834923435388,0.4049333178405719,15.801675605881995
Post-Planting,Mutton,2. North East,0.0026974383173857205,8.564498668394442e-4,0.31750489392821063,0.00101879657838041,0.004376080056391031,0.14065214083511257
Post-Planting,Ogbono - ground,2. North East,3.2615835176052796e-6,3.311851815701092e-6,1.0154122369776752,0,9.75281307637942e-6,1.700682834179896e-4
Post-Planting,Ogbono - unground,2. North East,0,0,NA,0,0,0
Post-Planting,Okra - dried,2. North East,0.002857188774757103,6.262924246398241e-4,0.21919882584344355,0.001629655622463048,0.004084721927051158,0.14898198611233468
Post-Planting,Okra - fresh,2. North East,0.05818006114393566,0.007077443736447555,0.12164723785590702,0.04430827142049845,0.07205185086737287,3.033674616790931
Post-Planting,Onions,2. North East,0.11247224514394237,0.00708859763165319,0.06302530568836053,0.09857859378590211,0.12636589650198263,5.864624211076995
Post-Planting,Orange/Tangerine,2. North East,0.03888650750335952,0.00559060320880843,0.14376717189954488,0.027928925214095,0.049844089792624044,2.027653605532318
Post-Planting,Other alcoholic beverages,2. North East,2.6978738465697496e-4,2.738338794963813e-4,1.0149988289650804,0,8.065017884698823e-4,0.014067485057113693
Post-Planting,Other domestic poultry,2. North East,0,0,NA,0,0,0
Post-Planting,Other eggs,2. North East,4.905186878335881e-5,3.5996401503456125e-5,0.733843631165958,0,1.1960481573013282e-4,0.002557704586560852
Post-Planting,Other fish/seafood,2. North East,0,0,NA,0,0,0
Post-Planting,Other fruits,2. North East,0,0,NA,0,0,0
Post-Planting,Other grains/flour,2. North East,6.982929245775884e-4,6.998936898546287e-4,1.0022923979617988,0,0.0020700845566926605,0.03641098821011711
Post-Planting,Other meat,2. North East,0,0,NA,0,0,0
Post-Planting,Other milk products,2. North East,0,0,NA,0,0,0
Post-Planting,Other non-alcoholic drinks,2. North East,1.5642066813310594e-4,1.5865460658100327e-4,1.014281606609661,0,4.6738369703187236e-4,0.00815622055265481
Post-Planting,Other nuts/seeds/pulses,2. North East,4.165480975538553e-4,4.157439509222214e-4,0.9980694987293036,0,0.0012314062413614092,0.021720007943879596
Post-Planting,Other oil/fat,2. North East,0.004949435526906137,0.002398789551259946,0.4846592178481038,2.478080064366433e-4,0.00965106304737563,0.2580777096172486
Post-Planting,Other roots/tubers,2. North East,0,0,NA,0,0,0
Post-Planting,Other spices,2. North East,0.01535155018749568,0.0016899026129695476,0.11008025849702308,0.012039341066075368,0.018663759308915992,0.8004736883479892
Post-Planting,Other sweets,2. North East,0,0,NA,0,0,0
Post-Planting,Other vegetables,2. North East,0.006056139385831153,0.0023395832118472365,0.38631594532333385,0.00147055629061057,0.010641722481051736,0.3157844108326244
Post-Planting,Palm oil,2. North East,0.06584827356506054,0.006038000386906415,0.09169565214098813,0.05401379280672396,0.07768275432339711,3.433517121606728
Post-Planting,Palm wine,2. North East,0.002720129038496426,0.002539038011229073,0.9334255747780802,0,0.007696643540505409,0.1418352998644565
Post-Planting,Pawpaw,2. North East,0,0,NA,0,0,0
Post-Planting,Pineapples,2. North East,0.0034454477001444636,0.002495105189734838,0.7241744489780592,0,0.008335853872024747,0.17965548722181848
Post-Planting,Pito,2. North East,0.003672896408357769,0.002916734367021677,0.7941237766424813,0,0.009389695767720257,0.19151531272151226
Post-Planting,Plantains,2. North East,9.56065560410279e-4,5.908186118093613e-4,0.617968721261983,0,0.002114070039556627,0.04985198993567884
Post-Planting,Pork,2. North East,8.813108353813297e-4,5.640895695200492e-4,0.6400574540490884,0,0.001986926391640626,0.04595406498774076
Post-Planting,Potatoes,2. North East,0.009394953121988904,0.002625419911220435,0.27945002781074396,0.004249130095996852,0.014540776147980956,0.48987969850370716
Post-Planting,Rice - imported,2. North East,0.006336834302549249,0.0025346180580113208,0.3999817475094256,0.0013689829088470605,0.011304685696251437,0.3304206457757823
Post-Planting,Rice - local,2. North East,0.4099743147763904,0.029762052741469373,0.0725949203859327,0.35164069140311044,0.46830793814967037,21.37723212762607
Post-Planting,Sachet water,2. North East,0.33095843652064283,0.08084955875143163,0.24428916090310576,0.17249330136783683,0.48942357167344885,17.25711847571923
Post-Planting,Salt,2. North East,0.03527715631501224,0.0025343458102067454,0.07184098932396801,0.03030983852700702,0.040244474103017465,1.839451722139924
Post-Planting,Seafood,2. North East,0,0,NA,0,0,0
Post-Planting,Shea butter,2. North East,0,0,NA,0,0,0
Post-Planting,Snails,2. North East,0,0,NA,0,0,0
Post-Planting,Soft drinks,2. North East,0.021316607478913008,0.005454236898317145,0.25586796134012557,0.010626303158211404,0.03200691179961461,1.111508818543321
Post-Planting,Soya beans,2. North East,0.012594215530637254,0.0033048917770506737,0.2624134682315898,0.006116627647617933,0.019071803413656573,0.656698381240371
Post-Planting,Sugar,2. North East,0.03316508676896399,0.0049271831860263175,0.14856536394281933,0.02350780772435241,0.042822365813575576,1.729322381524551
Post-Planting,Sweet potatoes,2. North East,0.06591476541208324,0.012078936151799698,0.18325084032818895,0.04224005055455583,0.08958948026961065,3.436984196487198
Post-Planting,Tea,2. North East,0.0019126906438621065,7.022429763421989e-4,0.36714927141810516,5.362944102313967e-4,0.0032890868774928163,0.09973315500138126
Post-Planting,Tomato puree - canned,2. North East,0.0024568689471876387,7.750152405224029e-4,0.3154483438807583,9.37839075763729e-4,0.003975898818611549,0.1281081665319269
Post-Planting,Tomatoes,2. North East,0.04586993215211325,0.007925471884240353,0.17278141720284237,0.030336007259002158,0.06140385704522434,2.3917893193601905
Post-Planting,Watermelon,2. North East,0.06737508801073296,0.015386244741503411,0.22836697057898253,0.037218048317386274,0.09753212770407964,3.5131295891310756
Post-Planting,Wheat flour,2. North East,0.002579978892235082,0.0011585753752894053,0.44906389690874976,3.0917115666784754e-4,0.004850786627802316,0.1345274708094007
Post-Planting,White beans,2. North East,0.15759042593061212,0.016699216758141355,0.10596593453903162,0.12485996108465507,0.19032089077656916,8.217215066381918
Post-Planting,Wild game/Bush meat,2. North East,5.604570896794862e-4,3.65429819166903e-4,0.6520210483480274,0,0.001276699535246616,0.029223833961858924
Post-Planting,Yam flour,2. North East,4.782967974558091e-5,4.829414038215844e-5,1.009710720185628,0,1.4248619489461145e-4,0.002493976158162433
Post-Planting,Yam roots,2. North East,0.06959882586749244,0.01532456339588342,0.2201842230077199,0.03956268161156094,0.09963497012342394,3.629081634519249
Post-Planting,Agricultural eggs,3. North West,0.004932469698303425,0.0012592441329920055,0.2552968816869034,0.002464351197639094,0.007400588198967755,0.2571930628401072
Post-Planting,Animal fat,3. North West,5.089478630654426e-4,4.70563223711649e-4,0.924580409626638,0,0.0014312517815402745,0.026537995716983794
Post-Planting,Apples,3. North West,1.455924381375807e-4,1.133551014423629e-4,0.7785782207675206,0,3.67768436964612e-4,0.007591605702888137
Post-Planting,Avocado pear,3. North West,0,0,NA,0,0,0
Post-Planting,Baby milk powder,3. North West,3.079852484127267e-4,3.039083498414038e-4,0.9867626823286696,0,9.036456141018782e-4,0.016059230810092178
Post-Planting,Bananas,3. North West,0.021961584480072634,0.007195784920609075,0.3276532677839498,0.007857846035678847,0.03606532292446642,1.145139762175216
Post-Planting,Beef,3. North West,0.02756956077531225,0.004665504164976831,0.16922664104081978,0.01842517261195766,0.036713948938666835,1.4375556689984244
Post-Planting,Beer,3. North West,2.507683305808636e-4,1.5212950106008145e-4,0.6066535623046917,0,5.489421526586232e-4,0.013075777237430744
Post-Planting,Biscuits,3. North West,0.002018774670380098,3.5051036758777375e-4,0.1736253048596945,0.0013317743499080613,0.0027057749908521345,0.10526467924124795
Post-Planting,Bottled water,3. North West,0.009598131241227856,0.003926397889002804,0.4090794124732674,0.0019023913787823603,0.017293871103673353,0.5004739861497383
Post-Planting,Bread,3. North West,0.10467420478210028,0.009482556685555319,0.09059115094588113,0.08608839367841185,0.1232600158857887,5.45801210649523
Post-Planting,Brown beans,3. North West,0.011945769624932085,0.004271084069351926,0.357539464049074,0.0035744448490023107,0.02031709440086186,0.6228865590143159
Post-Planting,Buns/Pofpof/Donuts,3. North West,0.001010726164834961,4.0995009517955913e-4,0.4055995673630344,2.072239782830251e-4,0.0018142283513868968,0.05270215002353725
Post-Planting,Butter/Margarine,3. North West,6.0130336353915046e-6,6.019589561111859e-6,1.0010902858886017,0,1.7811429175170746e-5,3.1353675384541415e-4
Post-Planting,Cake,3. North West,0.0023123529803372625,0.0012475139191490843,0.5394997778267967,0,0.004757480261869468,0.12057269111758583
Post-Planting,Canned fish/seafood,3. North West,0,0,NA,0,0,0
Post-Planting,Cashew nut,3. North West,0,0,NA,0,0,0
Post-Planting,Cassava flour,3. North West,0.01851577267715277,0.005245670504671767,0.2833082149007249,0.008234258487996108,0.028797286866309432,0.9654652895943945
Post-Planting,Cassava roots,3. North West,0.832979863911364,0.12997666764453666,0.1560381868466958,0.5782255953280722,1.087734132494656,43.43395004680684
Post-Planting,Cheese/wara,3. North West,0.03737579101054083,0.013682958957718821,0.36609148830749594,0.01055719145341194,0.06419439056766972,1.9488805312639148
Post-Planting,Chicken,3. North West,0.02193001717337554,0.006352321645592007,0.2896633228953481,0.009479466748015206,0.034380567598735874,1.1434937526117246
Post-Planting,Chocolate drinks,3. North West,6.422902374645674e-4,1.8213821548825626e-4,0.28357618544420754,2.8529933510758516e-4,9.992811398215496e-4,0.03349084809636673
Post-Planting,Coconut,3. North West,2.506699432376099e-4,2.487731406506759e-4,0.9924330673137942,0,7.382652989129347e-4,0.0130706470402468
Post-Planting,Cocoyam,3. North West,0.004638132265459504,0.002148652467224448,0.46325812724781773,4.267734296995859e-4,0.008849491101219423,0.24184546812753127
Post-Planting,Coffee,3. North West,3.8867753462192126e-5,2.9794789518302182e-5,0.7665683468761451,0,9.726554091806441e-5,0.0020266757162428753
Post-Planting,Dry pepper,3. North West,0.011617081645267228,0.001897503805452411,0.16333739086919902,0.007897974186580503,0.015336189103953953,0.6057478286460769
Post-Planting,Duck,3. North West,0,0,NA,0,0,0
Post-Planting,Fish - dried,3. North West,0.005716027839010395,0.0014738184045605274,0.2578396127643225,0.0028273437660717615,0.00860471191194903,0.2980500230341135
Post-Planting,Fish - fresh,3. North West,0.051210980877181574,0.01264462295683367,0.24691233677322166,0.02642751988178758,0.07599444187257556,2.670286860024468
Post-Planting,Fish - frozen,3. North West,0.007530442525026608,0.0016708408508021417,0.22187817585079275,0.004255594457454411,0.010805290592598805,0.3926587888049588
Post-Planting,Fish - smoked,3. North West,0.006405597106956515,0.0025690729779257074,0.4010669005603989,0.0013702140702221283,0.011440980143690901,0.33400613486273256
Post-Planting,Fresh milk,3. North West,0.03997792043458485,0.008473047438333822,0.21194317628897472,0.023370747455450556,0.05658509341371914,2.084562994089067
Post-Planting,Fresh pepper,3. North West,0.036069809912656695,0.004450075393385366,0.12337396299457236,0.027347662141621376,0.04479195768369201,1.8807829454456704
Post-Planting,Fruit juice,3. North West,0,0,NA,0,0,0
Post-Planting,Garden eggs/Eggplant,3. North West,0.01586178165317701,0.00360372035605298,0.2271951811498539,0.00879848975531317,0.022925073551040853,0.8270786147728012
Post-Planting,Gari - white,3. North West,0.09366822024379799,0.010515651012609883,0.1122648747380908,0.07305754425908262,0.11427889622851337,4.884128626998039
Post-Planting,Gari - yellow,3. North West,0.04013811826614751,0.010994518100632546,0.27391712854424777,0.018588862788907718,0.0616873737433873,2.092916166734834
Post-Planting,Gin,3. North West,0,0,NA,0,0,0
Post-Planting,Goat,3. North West,0.027597718106159665,0.0092205533720840591,0.33410564368457984,0.009525433496874909,0.04567000271544442,1.4390238726783253
Post-Planting,Ground pepper,3. North West,0.0029151119379605493,4.6017532309104036e-4,0.15785854295975513,0.00201316830470211,0.0038170555712189885,0.15200226533651434
Post-Planting,Groundnut oil,3. North West,0.054831792710400847,0.0034132469369949833,0.06224941349305066,0.04814182871389068,0.06152175670691101,2.8590863341851867
Post-Planting,Groundnuts - shelled,3. North West,0.009682530440037595,0.0019227305494531203,0.19857727908631856,0.0059139785631094795,0.01345108231696571,0.504874801516246
Post-Planting,Groundnuts - unshelled,3. North West,0.0079677456508716,0.0015646247601992225,0.19636981760682415,0.0049010811208811235,0.011034410180862077,0.4154610232240191
Post-Planting,Guava,3. North West,0.002570592521548735,0.0019220976957004467,0.7477255456039442,0,0.006337904005121611,0.1340380386236126
Post-Planting,Guinea corn / sorghum,3. North West,0.637562997508978,0.05232478682411336,0.08206998685392894,0.5350064153337158,0.7401195796842402,33.244356298682426
Post-Planting,Honey,3. North West,0.0016420401222966552,9.097416382819627e-4,0.554031308936315,0,0.003425133733329302,0.08562066351975417
Post-Planting,Kola nut,3. North West,0.0038398421976044614,5.220518995481214e-4,0.1359566025587746,0.0028166204744901435,0.00486306392071878,0.20022034316080406
Post-Planting,Leaves,3. North West,0.027592003809092755,0.005676171766081899,0.20571799733556703,0.016466707147572233,0.03871730047061328,1.4387259129026937
Post-Planting,Local eggs,3. North West,0.003114705386829282,8.049210780247489e-4,0.25842607182958804,0.0015370600739007742,0.0046923506997577896,0.16240963802752684
Post-Planting,Maize - shelled/off cob,3. North West,0.16626563976161174,0.027871048333236295,0.16762963395923072,0.1116383850284686,0.22089289449475488,8.66956550185547
Post-Planting,Maize - unshelled/on cob,3. North West,0.02914612645044521,0.00818497874529899,0.2808256101961008,0.013103568109659191,0.045188684791231226,1.5197623077732145
Post-Planting,Maize flour,3. North West,0.31125987167247315,0.03833281216445142,0.12315372347382951,0.23612755983014838,0.3863921835147979,16.229979022921814
Post-Planting,Malt drinks,3. North West,0.0034510503617149113,0.0010351955476414355,0.29996535522217693,0.0014220670883376978,0.005480033635092125,0.1799476260037061
Post-Planting,Mangoes,3. North West,8.541481485160718e-4,6.622084105467017e-4,0.7752851910961457,0,0.002152076633187607,0.044537724886909456
Post-Planting,Meat pie/Sausage roll,3. North West,2.2133990517630596e-4,1.77166921884525e-4,0.8004291939286978,0,5.685870720699749e-4,0.011541295055621667
Post-Planting,Melon - ground,3. North West,2.2002991498007486e-4,1.9693119014212754e-4,0.8950200710660682,0,6.060150476586448e-4,0.011472988423961047
Post-Planting,Melon - shelled,3. North West,2.4491659599213945e-4,1.4392925575765087e-4,0.5876664060865449,0,5.270179372771351e-4,0.012770651076732985
Post-Planting,Melon - unshelled,3. North West,0,0,NA,0,0,0
Post-Planting,Milk - tinned,3. North West,5.672050834136037e-4,2.83374862436337e-4,0.4995985944464838,1.1790353038383162e-5,0.0011226198137888241,0.029575693635137908
Post-Planting,Milk powder,3. North West,0.001873288038975471,2.967534975624267e-4,0.15841317052594092,0.0012916511837531147,0.002454924894197827,0.09767859060372099
Post-Planting,Millet,3. North West,0.4939502495037367,0.06873236891329851,0.13914836358996222,0.35923480643367167,0.6286656925738018,25.755977295551986
Post-Planting,Mutton,3. North West,0.004610181912932409,0.0017256253985021835,0.37430744189540255,0.0012279561318681294,0.007992407693996688,0.24038805688861847
Post-Planting,Ogbono - ground,3. North West,7.015449449915262e-6,7.115144538002267e-6,1.014210791311198,0,2.0961132744399706e-5,3.658055784598672e-4
Post-Planting,Ogbono - unground,3. North West,0,0,NA,0,0,0
Post-Planting,Okra - dried,3. North West,0.0027515126088244,4.968075740256759e-4,0.18055798560848313,0.0017777697637340753,0.0037252554539147246,0.14347172888870086
Post-Planting,Okra - fresh,3. North West,0.05345384868610001,0.006001715976570242,0.11227846308718481,0.041690485372022336,0.06521721200017769,2.7872363957752144
Post-Planting,Onions,3. North West,0.11333352246879973,0.007457837269978277,0.06580433668274442,0.0987161614196423,0.12795088351795714,5.909533671587414
Post-Planting,Orange/Tangerine,3. North West,0.07016730506142993,0.009477038169938314,0.13506344816351967,0.051592310248350835,0.08874229987450902,3.658723763917418
Post-Planting,Other alcoholic beverages,3. North West,0,0,NA,0,0,0
Post-Planting,Other domestic poultry,3. North West,0,0,NA,0,0,0
Post-Planting,Other eggs,3. North West,1.7137894748466128e-4,1.2338097420925312e-4,0.7199307500724145,0,4.132056569347974e-4,0.00893618797598591
Post-Planting,Other fish/seafood,3. North West,0,0,NA,0,0,0
Post-Planting,Other fruits,3. North West,0,0,NA,0,0,0
Post-Planting,Other grains/flour,3. North West,0.00773101687935126,0.0029198125267871685,0.3776750940210315,0.002008184326848409,0.01345384943185411,0.40311730870902995
Post-Planting,Other meat,3. North West,4.581909905718655e-5,4.647732735574153e-5,1.0143658062270813,0,1.3691466067443993e-4,0.0023891387365532987
Post-Planting,Other milk products,3. North West,0,0,NA,0,0,0
Post-Planting,Other non-alcoholic drinks,3. North West,0,0,NA,0,0,0
Post-Planting,Other nuts/seeds/pulses,3. North West,0,0,NA,0,0,0
Post-Planting,Other oil/fat,3. North West,3.746141984202307e-4,2.614773920822492e-4,0.6979911417797674,0,8.871098869014391e-4,0.01953345463191203
Post-Planting,Other roots/tubers,3. North West,0,0,NA,0,0,0
Post-Planting,Other spices,3. North West,0.012504875405336593,0.0012071014735680096,0.09653046787278391,0.010138956517143295,0.014870794293529891,0.6520399318496938
Post-Planting,Other sweets,3. North West,3.987839500804077e-5,2.034061958092075e-5,0.5100661542877898,1.0780629436100736e-8,7.974600938664544e-5,0.0020793734539906973
Post-Planting,Other vegetables,3. North West,0.0016269545418564786,8.631931052061987e-4,0.5305576050214839,0,0.003318813028060628,0.08483405825394495
Post-Planting,Palm oil,3. North West,0.06720019025074936,0.0038800302716431893,0.05773838224512947,0.05959533091832871,0.07480504958317001,3.504009920217645
Post-Planting,Palm wine,3. North West,7.681987968351884e-4,4.4872934747431124e-4,0.5841318019801363,0,0.0016477083178848386,0.040056080120691964
Post-Planting,Pawpaw,3. North West,8.468602264508482e-4,5.126734311765982e-4,0.605381401987892,0,0.0018517001515569805,0.04415771180779422
Post-Planting,Pineapples,3. North West,0.010685837106908597,0.003679136803199051,0.34430028891423203,0.0034747289726384566,0.017896945241178738,0.5571900777173768
Post-Planting,Pito,3. North West,9.996600597400142e-4,8.583427782377136e-4,0.8586346627281942,0,0.002682011905085933,0.0521251316864436
Post-Planting,Plantains,3. North West,9.627683016866049e-4,5.653183543032865e-4,0.5871800653521161,0,0.0020707922761210463,0.050201490016515825
Post-Planting,Pork,3. North West,0,0,NA,0,0,0
Post-Planting,Potatoes,3. North West,0.005505194855309879,0.002185968043279053,0.39707369143721405,0.0012206974904829353,0.009789692220136823,0.28705658888401514
Post-Planting,Rice - imported,3. North West,0.03893588310515175,0.010089325368020628,0.25912666063777223,0.019160805383831324,0.05871096082647218,2.0302281904829127
Post-Planting,Rice - local,3. North West,0.5126708696031923,0.05688673552661441,0.11096151332070964,0.401172867971028,0.6241688712353566,26.7321239150236
Post-Planting,Sachet water,3. North West,0.6402667619653897,0.1293499159158149,0.20202503643755765,0.38674092677039246,0.8937925971603868,33.38533830248103
Post-Planting,Salt,3. North West,0.03650384082183754,0.0029700364678384487,0.08136230054076107,0.030682569344874178,0.0423251122988009,1.9034145571386716
Post-Planting,Seafood,3. North West,1.0991287541609412e-4,1.0782710971289446e-4,0.9810234633995004,0,3.2125401045336727e-4,0.005731171360982051
Post-Planting,Shea butter,3. North West,0,0,NA,0,0,0
Post-Planting,Snails,3. North West,0,0,NA,0,0,0
Post-Planting,Soft drinks,3. North West,0.02131055326237995,0.0045531142679829835,0.21365537590338912,0.012386449297133303,0.030234657227626596,1.1111931343955261
Post-Planting,Soya beans,3. North West,0.05800092395717332,0.015596670844763702,0.2689038342954667,0.027431449101436467,0.08857039881291018,3.024333892052609
Post-Planting,Sugar,3. North West,0.04569864622713488,0.003772581843263774,0.08255347050135799,0.038304385814337885,0.05309290663993188,2.3828579818434616
Post-Planting,Sweet potatoes,3. North West,0.0881549183849825,0.013563685635915446,0.15386192721183514,0.06157009453858823,0.11473974223137678,4.596649315788373
Post-Planting,Tea,3. North West,0.0012700068495581035,3.9504397698311835e-4,0.3110565719551616,4.957206546711916e-4,0.0020442930444450154,0.06622178572695826
Post-Planting,Tomato puree - canned,3. North West,0.001492518846039305,5.196235717078936e-4,0.3481521007837307,4.7405664549183364e-4,0.0025109810465867763,0.07782419697204947
Post-Planting,Tomatoes,3. North West,0.09127365221474507,0.007218245767697219,0.07908356456159346,0.07712589051005851,0.10542141391943162,4.759269008340278
Post-Planting,Watermelon,3. North West,0.27191797864708644,0.03315800938698999,0.12194121753907526,0.20692828024858606,0.33690767704558683,14.178580315169508
Post-Planting,Wheat flour,3. North West,0.017213680347001267,0.004689633035509189,0.2724363959928042,0.008021999597403257,0.026405361096599276,0.8975704752364946
Post-Planting,White beans,3. North West,0.19719946757300003,0.016105163158336367,0.08166940487491174,0.16563334778266076,0.2287655873633393,10.28254366630643
Post-Planting,Wild game/Bush meat,3. North West,0,0,NA,0,0,0
Post-Planting,Yam flour,3. North West,3.4231414316211896e-4,3.4646755443112134e-4,1.0121333323555823,0,0.0010213905498471167,0.017849237464881918
Post-Planting,Yam roots,3. North West,0.08900633548304097,0.02367807214269834,0.26602681723943006,0.042597314083352225,0.1354153568827297,4.641044635901422
Post-Planting,Agricultural eggs,4. South East,0.013178833223151155,0.0020923921017893437,0.15876914643047874,0.009077744703644041,0.01727992174265827,0.6871820180643102
Post-Planting,Animal fat,4. South East,2.5570344140404427e-5,2.5605449525034627e-5,1.0013728944920506,0,7.575702520947229e-5,0.0013333108016068023
Post-Planting,Apples,4. South East,0.0034895702482641497,0.0019003412507201858,0.5445774452213681,0,0.007214239099675714,0.1819561629452021
Post-Planting,Avocado pear,4. South East,0.004725755411658067,0.0014453547978809799,0.3058462979940526,0.0018928600078113463,0.007558650815504787,0.24641438932217063
Post-Planting,Baby milk powder,4. South East,0.0013084329758336528,7.115996619199357e-4,0.5438564107317367,0,0.002703168313196727,0.06822543373989762
Post-Planting,Bananas,4. South East,0.09590635612857573,0.015187756124189076,0.15836026658992017,0.06613835412516514,0.12567435813198632,5.000831426704306
Post-Planting,Beef,4. South East,0.09531241633236219,0.009505255967212274,0.0997273632646839,0.07668211463662614,0.11394271802809824,4.969861708758885
Post-Planting,Beer,4. South East,0.03938578679078743,0.008070869987661159,0.2049183384486554,0.023566881614971558,0.0552046919666033,2.0536874540910586
Post-Planting,Biscuits,4. South East,0.00720015785315501,0.001085444218049071,0.1507528362830885,0.005072687185778831,0.009327628520531189,0.3754368023430827
Post-Planting,Bottled water,4. South East,0.027306403312180805,0.017142842313821342,0.6277956901842977,0,0.060906374247270634,1.4238338869922849
Post-Planting,Bread,4. South East,0.15875799566311088,0.012311478191688277,0.07754871268224874,0.13462749840740185,0.18288849291881992,8.278095488147924
Post-Planting,Brown beans,4. South East,0.04745625800261586,0.009563937339665256,0.20153163654702985,0.02871094081687196,0.06620157518835976,2.4745048815649695
Post-Planting,Buns/Pofpof/Donuts,4. South East,0.003843375930748535,9.54627213672509e-4,0.24838247178349426,0.0019723065919504176,0.005714445269546653,0.20040460210331648
Post-Planting,Butter/Margarine,4. South East,5.5531933895599986e-5,4.3929796838909864e-5,0.7910726992057915,0,1.4163433569986333e-4,0.0028955936959848562
Post-Planting,Cake,4. South East,0.002939196922538357,0.002033216131958261,0.6917590707744514,0,0.006924300541176549,0.15325812524664292
Post-Planting,Canned fish/seafood,4. South East,0,0,NA,0,0,0
Post-Planting,Cashew nut,4. South East,5.566280247353357e-4,3.5921183092976625e-4,0.6453355112699608,0,0.0012606832133576775,0.029024175575485364
Post-Planting,Cassava flour,4. South East,0.030978280052365706,0.0096734925617619,0.31226693494312213,0.012018234631312383,0.04993832547341903,1.615296031301926
Post-Planting,Cassava roots,4. South East,0.86428271195454,0.19241920590267286,0.2226345653351375,0.4871410683853012,1.2414243555237787,45.06616998048673
Post-Planting,Cheese/wara,4. South East,0,0,NA,0,0,0
Post-Planting,Chicken,4. South East,0.02235603074294123,0.005110723989282617,0.22860605480676818,0.0123390117239473,0.032373049761935155,1.1657073173105068
Post-Planting,Chocolate drinks,4. South East,0.011339590932111657,0.0015654492566191643,0.13805165159759838,0.008271310389138095,0.014407871475085219,0.5912786700315363
Post-Planting,Coconut,4. South East,0.02916140506170835,0.005030310782061926,0.17249891668173403,0.01930199592886698,0.039020814194549724,1.5205589782176498
Post-Planting,Cocoyam,4. South East,0.09005862392322432,0.013321337670256742,0.14791851229720415,0.06394880208952111,0.11616844575692753,4.695913961710983
Post-Planting,Coffee,4. South East,3.300395533482279e-5,1.1641427975126488e-5,0.3527282671735865,1.0186756503574872e-5,5.5821154166070704e-5,0.0017209205281729025
Post-Planting,Dry pepper,4. South East,0.0021950817186951444,4.80862224463348e-4,0.21906347283926825,0.0012525917587469823,0.0031375716786433065,0.11445783247481824
Post-Planting,Duck,4. South East,0.00176621215763352,0.001750592908369339,0.9911566403862214,0,0.005197374258037424,0.09209534821946211
Post-Planting,Fish - dried,4. South East,0.03354114897595979,0.0040987524671638196,0.1222007173964598,0.025507594140318706,0.041574703811600874,1.7489313394607606
Post-Planting,Fish - fresh,4. South East,0.020119669421397285,0.003943419782138282,0.19599823931224497,0.012390566648406251,0.02784877219438832,1.04909704840143
Post-Planting,Fish - frozen,4. South East,0.05363714157602043,0.0049155515269377545,0.09164454671714556,0.044002660583222435,0.06327162256881844,2.796793810749637
Post-Planting,Fish - smoked,4. South East,0.02293424186740845,0.003219424273889014,0.14037631121629077,0.016624170290585983,0.02924431344423092,1.195856897372012
Post-Planting,Fresh milk,4. South East,0,0,NA,0,0,0
Post-Planting,Fresh pepper,4. South East,0.06589506268970224,0.0052556908681965445,0.07975849257394937,0.05559390858803702,0.07619621679136747,3.43595684024876
Post-Planting,Fruit juice,4. South East,0.0029152471574673483,0.0027401703152311625,0.9399444257109625,0,0.008285980975320427,0.1520093160679403
Post-Planting,Garden eggs/Eggplant,4. South East,0.03519909415756484,0.004563823878532941,0.12965742408323036,0.02625399935564028,0.044144188959489405,1.8353813382158812
Post-Planting,Gari - white,4. South East,0.2472870087620209,0.02266601948081408,0.09165875552575811,0.2028616105796253,0.29171240694441647,12.89425117116252
Post-Planting,Gari - yellow,4. South East,0.17601394719532557,0.026131201878647384,0.1484609730935081,0.12479679151317669,0.22723110287747444,9.1778701037562609
Post-Planting,Gin,4. South East,6.189075868509548e-4,2.978480708777236e-4,0.48124805254560776,3.512536793061653e-5,0.001202689805771293,0.03227160988579979
Post-Planting,Goat,4. South East,0.011148597240800822,0.005655333761174029,0.507268640082992,6.414306889972361e-5,0.022233051412701918,0.5813197132703286
Post-Planting,Ground pepper,4. South East,0.004088649920935165,5.110550757556796e-4,0.12499360073331736,0.003086981972454033,0.005090317869416296,0.21319388873447645
Post-Planting,Groundnut oil,4. South East,0.0544584841482428,0.004236567692152365,0.07779444761297245,0.04615481147162417,0.06276215682486144,2.8396209591583745
Post-Planting,Groundnuts - shelled,4. South East,0.014615595628319546,0.0027619535094938097,0.18897303809789176,0.00920216674971168,0.020029024506927413,0.7620989149052334
Post-Planting,Groundnuts - unshelled,4. South East,0.052468865234578624,0.004720279950794987,0.08996344650663751,0.04321711653102045,0.0617206139381368,2.735876544374457
Post-Planting,Guava,4. South East,0.0489692929266745,0.007487977974067098,0.1529117029580032,0.03429285609750299,0.06364572975584601,2.5533988454623135
Post-Planting,Guinea corn / sorghum,4. South East,7.890139292622604e-4,6.090526555804747e-4,0.7719162273218013,0,0.001982757134199991,0.04114144059724644
Post-Planting,Honey,4. South East,5.462878532605759e-4,2.45333583584912e-4,0.44909214459119484,6.543402943414843e-5,0.0010271416770870033,0.028485009491444314
Post-Planting,Kola nut,4. South East,8.902356888347032e-4,1.7243851863718728e-4,0.19369984915220045,5.522561923058161e-4,0.0012282151853635903,0.046419432346380955
Post-Planting,Leaves,4. South East,0.08075564746705391,0.010533180396662217,0.13043274033508884,0.06011061388959597,0.10140068104451186,4.210830189353525
Post-Planting,Local eggs,4. South East,8.515176745531195e-4,2.542578706638406e-4,0.29859376764818923,3.5317224805199194e-4,0.0013498631010542472,0.04440056445884123
Post-Planting,Maize - shelled/off cob,4. South East,0.012263501289922365,0.00408837650621865,0.3333775900996812,0.004250283337733812,0.02027671924211092,0.6394539958316662
Post-Planting,Maize - unshelled/on cob,4. South East,0.45259068233049127,0.05028179471441419,0.11109772400859406,0.35403836469023947,0.5511429999707431,23.599371292947044
Post-Planting,Maize flour,4. South East,0.018933047240559938,0.009313561279493492,0.4919208810476748,6.784671327526928e-4,0.03718762734836718,0.9872231775434824
Post-Planting,Malt drinks,4. South East,0.03315407650848752,0.006163257811575318,0.18589743587029214,0.021074091197799898,0.04523406181917514,1.7287482750854206
Post-Planting,Mangoes,4. South East,6.814815266124251e-4,5.841523798789284e-4,0.8571800658818884,0,0.0018264201911751248,0.035534393887647876
Post-Planting,Meat pie/Sausage roll,4. South East,0.0026689584962476267,0.0010795193655100891,0.4044721441070813,5.531005398478521e-4,0.004784816452647401,0.13916712159005482
Post-Planting,Melon - ground,4. South East,0.00620111985078596,9.80466248458443e-4,0.15811115928265343,0.004279406003807411,0.008122833697764509,0.3233441065052679
Post-Planting,Melon - shelled,4. South East,0.01850792740397303,0.001612832244443163,0.08714277991478085,0.01534677620486443,0.021669078603081628,0.9650562146357365
Post-Planting,Melon - unshelled,4. South East,0.0018599519397836115,5.086164877190578e-4,0.273456790382568,8.630636238542583e-4,0.002856840255712965,0.09698320828871689
Post-Planting,Milk - tinned,4. South East,0.0023005298328880558,4.5082191512071544e-4,0.19596438554102963,0.0014169188792514534,0.003184140786524658,0.11995619842916291
Post-Planting,Milk powder,4. South East,0.012080298943203734,0.0013074826355849176,0.10823263908717222,0.009517632977457295,0.014642964908950172,0.6299013020384804
Post-Planting,Millet,4. South East,0.0025825382284891405,0.0013944041910375934,0.5399355469960885,0,0.005315570442922824,0.1346609219140766
Post-Planting,Mutton,4. South East,0,0,NA,0,0,0
Post-Planting,Ogbono - ground,4. South East,0.002575604578309617,4.275812813629541e-4,0.1660120054777888,0.0017375452668382271,0.0034136638897810075,0.1342993815832872
Post-Planting,Ogbono - unground,4. South East,0.00706279239514144,8.350936889491321e-4,0.11823845898735473,0.005426008764801142,0.008699576025481739,0.36827417488951797
Post-Planting,Okra - dried,4. South East,0.001451632113579386,3.590315267573946e-4,0.24732955643431356,7.479303211348925e-4,0.0021553339060238793,0.0756922459223537
Post-Planting,Okra - fresh,4. South East,0.07156765049707964,0.003945479800619158,0.05512937442008321,0.06383451008786609,0.07930079090629319,3.731741775919153
Post-Planting,Onions,4. South East,0.17421933002868872,0.009220102712758969,0.052922386461024117,0.15614792871168115,0.1922907313456963,9.084293637210198
Post-Planting,Orange/Tangerine,4. South East,0.09428445035615325,0.010562066176944013,0.11202341570690087,0.07358280064934299,0.11498610006296352,4.916260625713705
Post-Planting,Other alcoholic beverages,4. South East,0,0,NA,0,0,0
Post-Planting,Other domestic poultry,4. South East,0,0,NA,0,0,0
Post-Planting,Other eggs,4. South East,0,0,NA,0,0,0
Post-Planting,Other fish/seafood,4. South East,2.1702846266229278e-4,9.410722197457561e-5,0.43361695890096774,3.257830759212458e-5,4.01478617732461e-4,0.011316484124533838
Post-Planting,Other fruits,4. South East,0.005516501021472321,0.002631792227283586,0.4770763600042217,3.5818825599649284e-4,0.01067481378694815,0.28764612469105677
Post-Planting,Other grains/flour,4. South East,0.0011454999133557933,9.049232368651189e-4,0.7899810609449159,0,0.0029191494576114264,0.05972963833926636
Post-Planting,Other meat,4. South East,2.1690123502057858e-4,1.6975713562992437e-4,0.7826471601870714,0,5.496252208552304e-4,0.011309850111787312
Post-Planting,Other milk products,4. South East,0,0,NA,0,0,0
Post-Planting,Other non-alcoholic drinks,4. South East,0,0,NA,0,0,0
Post-Planting,Other nuts/seeds/pulses,4. South East,0,0,NA,0,0,0
Post-Planting,Other oil/fat,4. South East,0,0,NA,0,0,0
Post-Planting,Other roots/tubers,4. South East,0,0,NA,0,0,0
Post-Planting,Other spices,4. South East,0.0058916717388304745,4.8166897733771167e-4,0.08175421148519814,0.00494760054324856,0.006835742934412389,0.3072085978104462
Post-Planting,Other sweets,4. South East,0,0,NA,0,0,0
Post-Planting,Other vegetables,4. South East,0.020053588091494438,0.006052490178231603,0.30181582221680897,0.008190707342160496,0.03191646884082838,1.0456513790564956
Post-Planting,Palm oil,4. South East,0.1103423948493654,0.008440209690780673,0.07649108669702953,0.09379958385543527,0.12688520584329552,5.753567731431196
Post-Planting,Palm wine,4. South East,0.008549484917907548,0.0025446117869420033,0.2976333441576252,0.003562045815501222,0.013536924020313874,0.445794570719465
Post-Planting,Pawpaw,4. South East,0.115812890791511,0.021849911568961666,0.18866562624964067,0.07298706411634613,0.15863871746667585,6.0388150198430735
Post-Planting,Pineapples,4. South East,0.016796815730182844,0.004128836312880216,0.24581065716289016,0.008704296556937621,0.024889334903428068,0.8758339630738198
Post-Planting,Pito,4. South East,0,0,NA,0,0,0
Post-Planting,Plantains,4. South East,0.13434528488738587,0.016660215202114588,0.12401041998667771,0.10169126309124127,0.16699930668353047,7.005146997699406
Post-Planting,Pork,4. South East,0.006146372501766348,0.002846226028848795,0.463074118600987,5.677694852227093e-4,0.011724975518309987,0.32048942330638813
Post-Planting,Potatoes,4. South East,0.006401865435950138,0.0023254954770106973,0.3632527894059924,0.0018438943010091711,0.010959836570891104,0.3338115548745429
Post-Planting,Rice - imported,4. South East,0.03406862033415843,0.011268430187383608,0.33075686883878513,0.011982497166886558,0.05615474350143031,1.776435203138261
Post-Planting,Rice - local,4. South East,0.4636928416486801,0.01814065700990082,0.03912214160003188,0.4281371539092745,0.49924852938808567,24.178269600252605
Post-Planting,Sachet water,4. South East,1.2301708882221254,0.20795567445271457,0.16904616784848278,0.8225777662948048,1.637764010149446,64.14462488586797
Post-Planting,Salt,4. South East,0.027543739975899605,0.002078728128291369,0.07547007523706757,0.023469432844448523,0.03161804710735069,1.4362092987433364
Post-Planting,Seafood,4. South East,0.0012278163897556226,2.9718352017604765e-4,0.24204231402644602,6.453366902105692e-4,0.001810296089300676,0.06402185460868604
Post-Planting,Shea butter,4. South East,0,0,NA,0,0,0
Post-Planting,Snails,4. South East,0.0075969330082499,0.004182424489587781,0.5505411835336538,0,0.01579448500784195,0.3961257925730305
Post-Planting,Soft drinks,4. South East,0.08846270092297595,0.010359963196478045,0.11711108849704256,0.06815717305787898,0.10876822878807292,4.612697976698032
Post-Planting,Soya beans,4. South East,0.0024237831675399616,0.0015590334813082418,0.6432231654164822,0,0.005479488790904116,0.126382979450298
Post-Planting,Sugar,4. South East,0.01856185900972605,0.0017185621881375768,0.09258567190048604,0.0151934771209764,0.0219302408984757,0.9678683626500011
Post-Planting,Sweet potatoes,4. South East,0.09590986927025438,0.01605076976446311,0.1673526393747376,0.0644503605319067,0.12736937800860207,5.001014611948979
Post-Planting,Tea,4. South East,0.002001713560835776,3.5711756915609406e-4,0.17840592987089857,0.0013017631252898315,0.00270166399638172,0.10437506424357974
Post-Planting,Tomato puree - canned,4. South East,0.04359986369292755,0.0036768021041091183,0.08433058713221486,0.03639333156887368,0.050806395816981424,2.2734214639883654
Post-Planting,Tomatoes,4. South East,0.13422413654896667,0.011315329244352294,0.08430174732563334,0.11204609123003617,0.15640218186789717,6.998829977196119
Post-Planting,Watermelon,4. South East,0.12437067836729003,0.02246676786302414,0.18064360633842927,0.08033581335576272,0.16840554337881736,6.485042514865837
Post-Planting,Wheat flour,4. South East,0.006598898994150172,0.004494643264384893,0.6811201790434024,0,0.015408399792344561,0.34408544755211606
Post-Planting,White beans,4. South East,0.17102663477425856,0.014322261778564034,0.08374287313475044,0.14295500168827305,0.19909826786024407,8.917817384657768
Post-Planting,Wild game/Bush meat,4. South East,0.0029122875445263216,0.0014766537847821916,0.5070425781127209,1.804612635322592e-5,0.005806528962699417,0.1518549933931582
Post-Planting,Yam flour,4. South East,1.0399732735943708e-4,8.48610294761874e-5,0.815992407024937,0,2.703249451327644e-4,0.005422717783742077
Post-Planting,Yam roots,4. South East,0.702625821956624,0.06663025708447884,0.09483035636084579,0.5720305180710455,0.8332211258422025,36.63691785916683
Post-Planting,Agricultural eggs,5. South South,0.03877114366730195,0.005428399372582113,0.1400113295383703,0.02813148089704101,0.04941080643756289,2.021638205509316
Post-Planting,Animal fat,5. South South,0.0010174497661210315,7.162678781304064e-4,0.7039835301757809,0,0.002421334807256628,0.05305273780488236
Post-Planting,Apples,5. South South,0.008024437601874664,0.002443110005847747,0.30445872060578916,0.0032359419904130797,0.012812933213336247,0.4184171035263217
Post-Planting,Avocado pear,5. South South,0.007825465608925405,0.0028081497360901973,0.35884762344202714,0.0023214921261886182,0.013329439091662192,0.40804213532253897
Post-Planting,Baby milk powder,5. South South,0.0012484637879075868,3.8297739190387654e-4,0.3067589109218321,4.978280997759889e-4,0.001999099476039185,0.06509846894089559
Post-Planting,Bananas,5. South South,0.152116822586899,0.018627036203330182,0.12245217778388194,0.11560783162837182,0.18862581354542615,7.931805749174019
Post-Planting,Beef,5. South South,0.11971218037169234,0.009611495255068709,0.08028836518745326,0.10087364967175767,0.138550711071627,6.242135119381101
Post-Planting,Beer,5. South South,0.03696663222811473,0.006582940017001419,0.17807789404182747,0.024064069794791948,0.04986919466143751,1.927545823323125
Post-Planting,Biscuits,5. South South,0.01841169883418953,0.0016298786020491412,0.08852407465097922,0.015217136774173214,0.021606260894205847,0.960038582068454
Post-Planting,Bottled water,5. South South,0.057304546959668794,0.01835040380124018,0.32022596416572807,0.02133775550923804,0.09327133841009955,2.9880228057541585
Post-Planting,Bread,5. South South,0.2491589574582201,0.017608835352159784,0.07067309773565937,0.21464564016798693,0.28367227474845325,12.991859924607189
Post-Planting,Brown beans,5. South South,0.08508912040205417,0.017364657139821594,0.20407611522803315,0.05105439240800385,0.11912384839610449,4.436789849535682
Post-Planting,Buns/Pofpof/Donuts,5. South South,0.005310666930940596,9.990384364402687e-4,0.18811920412853392,0.003352551595517669,0.007268782266363523,0.27691334711333104
Post-Planting,Butter/Margarine,5. South South,5.399409785166352e-4,2.659445246504764e-4,0.49254369501847844,1.8689710201701495e-5,0.001061192246831569,0.028154065308367403
Post-Planting,Cake,5. South South,0.0065142227053795,0.0025400052995674005,0.389916865671455,0.001535812318227395,0.011492633092531604,0.3396701839233596
Post-Planting,Canned fish/seafood,5. South South,0,0,NA,0,0,0
Post-Planting,Cashew nut,5. South South,7.383955708850834e-5,6.603423884514677e-5,0.894293539247457,0,2.0326666522499598e-4,0.0038502054767579346
Post-Planting,Cassava flour,5. South South,0.030067570181844097,0.00841031899701486,0.2797139558052256,0.013583344947694972,0.04655179541599322,1.567809016624728
Post-Planting,Cassava roots,5. South South,0.33019824018177407,0.07319821199792104,0.22167959452971472,0.18672974466584885,0.4736667356976993,17.217479666621077
Post-Planting,Cheese/wara,5. South South,0,0,NA,0,0,0
Post-Planting,Chicken,5. South South,0.03236089166046474,0.005124850543638228,0.1583655542439596,0.022316184594933813,0.04240559872599567,1.68738935086709
Post-Planting,Chocolate drinks,5. South South,0.010654119628267572,0.001129147783584943,0.1059822700497075,0.008440989972441084,0.01286724928409406,0.5555362377596663
Post-Planting,Coconut,5. South South,0.04647495099962806,0.0068177040234269,0.14669631439700628,0.03311225111371134,0.05983765088554478,2.4233367306948916
Post-Planting,Cocoyam,5. South South,0.044307390320634514,0.008754355760410166,0.1975822926391842,0.02714885303023059,0.06146592761103844,2.310313923861657
Post-Planting,Coffee,5. South South,2.1286215794060807e-4,1.4934509539530407e-4,0.7016047231700702,0,5.05578544915404e-4,0.011099241092617422
Post-Planting,Dry pepper,5. South South,0.005229618650917097,6.887109415037399e-4,0.13169429502913438,0.0038797452055697674,0.006579492096264427,0.2726872582263915
Post-Planting,Duck,5. South South,0,0,NA,0,0,0
Post-Planting,Fish - dried,5. South South,0.04037537244414885,0.003832226915290033,0.0949149613564839,0.032864207690180385,0.047886537198117314,2.105287277444904
Post-Planting,Fish - fresh,5. South South,0.19092231291472775,0.025447255303663784,0.13328591569613643,0.14104569251954674,0.24079893330990876,9.955234887696518
Post-Planting,Fish - frozen,5. South South,0.07662048538438103,0.006788927279220885,0.08860459764987078,0.06331418791710809,0.08992678285165397,3.9952110236141536
Post-Planting,Fish - smoked,5. South South,0.08899446443667934,0.01242747085169043,0.139643189386602,0.0646366215673661,0.11335230730599258,4.640425645626851
Post-Planting,Fresh milk,5. South South,0.004094182556042998,0.0019651447194886373,0.4799846349274512,2.4249890584526887e-4,0.007945866206240727,0.21348237613652774
Post-Planting,Fresh pepper,5. South South,0.09716831067955495,0.006081865200418257,0.06259103567700425,0.08524785488673517,0.10908876647237473,5.066633342576794
Post-Planting,Fruit juice,5. South South,0.008236012091475271,0.005128443920345791,0.6226853316126156,0,0.018287762175353023,0.42944920191263913
Post-Planting,Garden eggs/Eggplant,5. South South,0.038798637409699535,0.00798882767609621,0.20590485154767393,0.023140535164550963,0.05445673965484811,2.0230718077914758
Post-Planting,Gari - white,5. South South,0.3616385754496645,0.09551226925786567,0.264109737571842,0.17443452770424778,0.5488426231950811,18.85686857701822
Post-Planting,Gari - yellow,5. South South,0.47337618171807055,0.06288301926237279,0.13283942388935854,0.3501254639638199,0.5966268994723212,24.683186618156533
Post-Planting,Gin,5. South South,0.005362817418176914,0.0015753662298752175,0.29375720018653223,0.0022750996076214875,0.00845053522873234,0.27963262251922477
Post-Planting,Goat,5. South South,0.031473315425106334,0.00512275400671889,0.16276499433016384,0.021432717571937307,0.04151391327827536,1.6411085900234017
Post-Planting,Ground pepper,5. South South,0.009639540296059863,0.0010992774101283482,0.11403836452425797,0.007484956572208301,0.011794124019911425,0.5026331725802643
Post-Planting,Groundnut oil,5. South South,0.09842506331455819,0.041536055449531824,0.4220068959141646,0.017014394633475816,0.17983573199564057,5.132164015687677
Post-Planting,Groundnuts - shelled,5. South South,0.03129395561663701,0.007170546545395098,0.22913519253484763,0.01723968438766262,0.045348226845611406,1.6317562571532156
Post-Planting,Groundnuts - unshelled,5. South South,0.10835001585499049,0.0840004345319112,0.7752692407939525,0,0.27299086753753643,5.649679398153076
Post-Planting,Guava,5. South South,0.034020577189489275,0.00736506110076767,0.21648842286670905,0.019585057431984642,0.048456096946993904,1.7739300963090836
Post-Planting,Guinea corn / sorghum,5. South South,0.0012379140640824886,5.74614704782398e-4,0.46417980169591844,1.1166924270898855e-4,0.002364158885455989,0.0645483761985869
Post-Planting,Honey,5. South South,0.0013454564780638434,5.354142030311699e-4,0.3979424171353716,2.9604464012275046e-4,0.0023948683160049363,0.07015594492761469
Post-Planting,Kola nut,5. South South,5.838944845117588e-4,1.3386898528421515e-4,0.22926913823505934,3.215112733546971e-4,8.462776956688205e-4,0.03044592669239885
Post-Planting,Leaves,5. South South,0.1177143308518317,0.013948001853696506,0.11849026157446375,0.09037624721858654,0.14505241448507683,6.137961537274081
Post-Planting,Local eggs,5. South South,9.70192259350772e-4,3.106942524746018e-4,0.3202398797559058,3.612315245005525e-4,0.0015791529942009914,0.050588596380433115
Post-Planting,Maize - shelled/off cob,5. South South,0.013057282262298974,0.005266271046286314,0.4033206099474402,0.0027353910115777997,0.02337917351302015,0.680844003677018
Post-Planting,Maize - unshelled/on cob,5. South South,0.2376145985962783,0.04239944757470846,0.1784378898652928,0.15451168134984972,0.32071751584270686,12.389904069663084
Post-Planting,Maize flour,5. South South,0.0045621183812409,0.0018957755708616927,0.4155472112817116,8.46398262351983e-4,0.008277838500129819,0.23788188702184693
Post-Planting,Malt drinks,5. South South,0.040212496026811075,0.00706674220963715,0.17573498061213375,0.026361681295922264,0.054063310757699885,2.0967944356837203
Post-Planting,Mangoes,5. South South,0.0017297026416456588,0.0012943500214245107,0.7483078248600299,0,0.0042666286836377,0.0901916377429522
Post-Planting,Meat pie/Sausage roll,5. South South,0.00410759301599833,9.657837927171939e-4,0.23512158798489557,0.00221465678227263,0.00600052924972403,0.21418163583419864
Post-Planting,Melon - ground,5. South South,0.010885161265798741,0.0014717429843315363,0.13520635555081428,0.008000545016508931,0.013769777515088552,0.5675834088595059
Post-Planting,Melon - shelled,5. South South,0.017720831379433907,0.0017849553304116678,0.10072638761650969,0.014222318931827039,0.021219343827040778,0.9240147790704824
Post-Planting,Melon - unshelled,5. South South,0.004727115114487756,0.0020844830096390706,0.44096303118375646,6.415284155951778e-4,0.008812701813380334,0.24648528811257583
Post-Planting,Milk - tinned,5. South South,0.005123208531958971,0.0013575686166902511,0.2649840638384389,0.0024623740432460793,0.0077840430206718636,0.26713873059500354
Post-Planting,Milk powder,5. South South,0.013321171417573406,0.0014048297083828817,0.10545842136147411,0.010567705189142958,0.016074637646003854,0.6946039382020419
Post-Planting,Millet,5. South South,0.011971659740342963,0.010335617033718438,0.8633403603084984,0,0.0322294691264311,0.6242365436035974
Post-Planting,Mutton,5. South South,0,0,NA,0,0,0
Post-Planting,Ogbono - ground,5. South South,0.006544244499721504,0.001177925870625951,0.17999417208144936,0.00423550979329464,0.008852979206148368,0.341235606056907
Post-Planting,Ogbono - unground,5. South South,0.0028639228433244225,4.45768876502138e-4,0.15564975067020048,0.001990215845380232,0.003737629841268613,0.1493331196876306
Post-Planting,Okra - dried,5. South South,2.490778842976767e-4,1.328854982006157e-4,0.5335098239464819,0,5.095334607708834e-4,0.012987632538378856
Post-Planting,Okra - fresh,5. South South,0.07756046221271808,0.005058674503865368,0.06522233570490334,0.06764546018514195,0.0874754642402942,4.044224101091728
Post-Planting,Onions,5. South South,0.18589470992811624,0.011166136374170238,0.060066993721812095,0.16400908263474256,0.20778033722148992,9.693081303394633
Post-Planting,Orange/Tangerine,5. South South,0.10906331647021413,0.016403326577728958,0.15040186846150794,0.07691279637786537,0.14121383656256287,5.686872930232594
Post-Planting,Other alcoholic beverages,5. South South,6.093705135135358e-4,6.014281119953264e-4,0.9869662194968793,0,0.0017881696130243757,0.031774319633205796
Post-Planting,Other domestic poultry,5. South South,3.875350783186325e-4,3.901029756133456e-4,1.0066262318906827,0,0.0011521369105207898,0.02020718622661441
Post-Planting,Other eggs,5. South South,4.8507750161665616e-5,4.878809193593719e-5,1.005779319249754,0,1.441324103561025e-4,0.0025293326870011357
Post-Planting,Other fish/seafood,5. South South,0,0,NA,0,0,0
Post-Planting,Other fruits,5. South South,2.8005266913590725e-4,2.1565489411328395e-4,0.7700512006497906,0,7.027362615979439e-4,0.01460274631922945
Post-Planting,Other grains/flour,5. South South,0.004977356012053962,0.0026168845519692176,0.5257579617836762,0,0.010106449733913628,0.25953356348567086
Post-Planting,Other meat,5. South South,2.7472966011288913e-5,2.7821919604683486e-5,1.0127017080445986,0,8.200392843646854e-5,0.0014325189420172075
Post-Planting,Other milk products,5. South South,0,0,NA,0,0,0
Post-Planting,Other non-alcoholic drinks,5. South South,0.0016579960108091334,0.0014094256197488034,0.8500778111407983,0,0.0044204702255167885,0.08645264913504767
Post-Planting,Other nuts/seeds/pulses,5. South South,0,0,NA,0,0,0
Post-Planting,Other oil/fat,5. South South,0.0014997983589486047,8.04855004633959e-4,0.5366421424798611,0,0.003077314168031164,0.07820377157374868
Post-Planting,Other roots/tubers,5. South South,3.7983116605093983e-4,3.852189109473621e-4,1.0141845782494312,0,0.0011348602315077695,0.019805482229799005
Post-Planting,Other spices,5. South South,0.0062212088930767425,8.090188739537696e-4,0.13004206864908271,0.004635531900127355,0.0078068858860261305,0.324391606567573
Post-Planting,Other sweets,5. South South,0,0,NA,0,0,0
Post-Planting,Other vegetables,5. South South,0.00664455762503902,0.0023406647973469833,0.35226796566960883,0.0020568546222389334,0.011232260627839108,0.3464662190198918
Post-Planting,Palm oil,5. South South,0.14799971306120902,0.0061492942285781785,0.04154936588312832,0.1359470963731958,0.16005232974922223,7.71712789533447
Post-Planting,Palm wine,5. South South,0.026806769826879268,0.006207536401437785,0.2315659977508167,0.014639998480061209,0.03897354117369733,1.397781569544419
Post-Planting,Pawpaw,5. South South,0.13426282209789278,0.023855440682085078,0.17767718799096718,0.08750615836100603,0.18101948583477953,7.000847152247267
Post-Planting,Pineapples,5. South South,0.07984444884359332,0.021420196204151917,0.2682740818477159,0.037860864283455566,0.12182803340373108,4.1633176897016515
Post-Planting,Pito,5. South South,2.4265324705689405e-4,2.441752800781642e-4,1.0062724609694313,0,7.212367960100958e-4,0.012652633596538048
Post-Planting,Plantains,5. South South,0.39027634451025367,0.038098587141860804,0.097619514166736407,0.3156031137122065,0.46494957530830083,20.350123678034656
Post-Planting,Pork,5. South South,0.005391983889779221,0.0020589138158041225,0.38184717497151616,0.0013565128108031415,0.0094274549687553,0.2811534456813451
Post-Planting,Potatoes,5. South South,0.005761796725949332,0.004140169419715361,0.7185552730573316,0,0.013876528788591441,0.30043654356735805
Post-Planting,Rice - imported,5. South South,0.06057306016529219,0.00897221277144122,0.14812216432449976,0.0429875231332674,0.07815859719731698,3.158452422904521
Post-Planting,Rice - local,5. South South,0.4429133836755041,0.024963213544544206,0.05636138907654515,0.3939854851281974,0.49184128222281076,23.094769291651286
Post-Planting,Sachet water,5. South South,1.7645873938618446,0.19663419419490358,0.11143352541160606,1.3791843732398337,2.1499904144838555,92.01062839422475
Post-Planting,Salt,5. South South,0.03446607005058437,0.0022445889220938948,0.06512459699639697,0.030066675763280336,0.03886546433788841,1.797159366923328
Post-Planting,Seafood,5. South South,0.010267930471863522,0.002058949361268428,0.2005223318282511,0.006232389723777403,0.01430347121994964,0.5353992317471693
Post-Planting,Shea butter,5. South South,0,0,NA,0,0,0
Post-Planting,Snails,5. South South,0.005759815682712144,0.001987725033900215,0.34510219482652754,0.0018638746162677228,0.009655756749156566,0.3003332463128475
Post-Planting,Soft drinks,5. South South,0.12128890647055422,0.01068194970287315,0.08807029442108498,0.10035228505292285,0.1422255278881856,6.324350123107471
Post-Planting,Soya beans,5. South South,0.0014532499963284679,9.819970286000766e-4,0.6757247762470475,0,0.0033779641723846177,0.07577660695141297
Post-Planting,Sugar,5. South South,0.01501015264424156,0.001450428301216166,0.0966298168708233,0.012167313173857875,0.017852992114625245,0.7826722450211671
Post-Planting,Sweet potatoes,5. South South,0.09647971767696824,0.01585082886332206,0.1642918246961868,0.065412093104857,0.1275473422490795,5.030728136013344
Post-Planting,Tea,5. South South,0.001170195742760373,4.4388689324378655e-4,0.3793270450606002,3.0017743200255124e-4,0.0020402140535181945,0.06101734944393373
Post-Planting,Tomato puree - canned,5. South South,0.029003978542946292,0.0033821176727844462,0.11660874965055339,0.022375027904288778,0.03563292918160381,1.5123503097393425
Post-Planting,Tomatoes,5. South South,0.11939693652589929,0.01632699631139888,0.13674552117053076,0.0873960237555575,0.1513978492962411,6.225697404564749
Post-Planting,Watermelon,5. South South,0.13158398727668452,0.025322179308207474,0.19244119160914294,0.08195251583259788,0.18121545872077116,6.861165050855694
Post-Planting,Wheat flour,5. South South,0.014115125793106259,0.00631506905310619,0.4473972917896652,0.0017375904490181272,0.02649266113719439,0.7360029877833977
Post-Planting,White beans,5. South South,0.2692826290409214,0.02432079718024202,0.09031699247316144,0.221613866567647,0.3169513915141957,14.041165657133758
Post-Planting,Wild game/Bush meat,5. South South,0.0130650065150875,0.004759970551802795,0.36432974957233816,0.0037354642335540207,0.022394548796620978,0.6812467682867053
Post-Planting,Yam flour,5. South South,0.008341177916797032,0.003498250743170839,0.41939529141636495,0.0014846064601821878,0.015197749373411878,0.4349328485187024
Post-Planting,Yam roots,5. South South,0.687544566224362,0.08843074139883783,0.12861819544942893,0.5142203130826398,0.8608688193660842,35.85053809598459
Post-Planting,Agricultural eggs,6. South West,0.04281055815007138,0.005148801242986176,0.1202694257088912,0.032718907713818475,0.05290220858632428,2.2322648178251505
Post-Planting,Animal fat,6. South West,0,0,NA,0,0,0
Post-Planting,Apples,6. South West,0.014772005788473527,0.0031373418069708266,0.2123842795552428,0.008622815846810707,0.020921195730136347,0.770254587541834
Post-Planting,Avocado pear,6. South West,0.0022323773552786626,0.0012050046209842325,0.5397853629606517,0,0.004594186412407758,0.11640253352524454
Post-Planting,Baby milk powder,6. South West,1.3391813818536535e-4,1.1775622888886653e-4,0.8793150090383725,0,3.6472034680754375e-4,0.006982874348236907
Post-Planting,Bananas,6. South West,0.09592463285745975,0.018340781707758574,0.19119991561512942,0.05997670071025295,0.13187256500466654,5.001784427567544
Post-Planting,Beef,6. South West,0.07622123003139239,0.011257414613147144,0.14769395099647012,0.05415669738962399,0.09828576267316079,3.974392708779746
Post-Planting,Beer,6. South West,0.019283475036975885,0.006132655569209181,0.31802647383056587,0.00726347012132589,0.03130347995262588,1.0054954840708854
Post-Planting,Biscuits,6. South West,0.010142134858292899,0.0011815684853353212,0.11650096373636666,0.00782626062703567,0.012458009089550129,0.5288398890395583
Post-Planting,Bottled water,6. South West,0.031606375008787074,0.010658888282207254,0.3372385564381842,0.010714953975660857,0.05249779604191329,1.6480466968867546
Post-Planting,Bread,6. South West,0.21820878664530083,0.016428482490139628,0.07528790541713697,0.18600896096462716,0.2504086123259745,11.378029589362114
Post-Planting,Brown beans,6. South West,0.25789394149090267,0.03564323255127593,0.13820887898808304,0.18803320569040183,0.3277546772914035,13.447326949168497
Post-Planting,Buns/Pofpof/Donuts,6. South West,0.005189863100304109,0.0012473858081049338,0.24035042620523864,0.002744986916418439,0.007634739284189779,0.27061429023014283
Post-Planting,Butter/Margarine,6. South West,0.002331858637873649,7.603494473551205e-4,0.3260701292118034,8.415737210576127e-4,0.003822143554689685,0.12158977183198312
Post-Planting,Cake,6. South West,0.003672830080060736,0.001178899866504445,0.3209786025508019,0.0013621863417120237,0.005983473818409448,0.19151185417459551
Post-Planting,Canned fish/seafood,6. South West,6.446844988892218e-5,4.623228816969054e-5,0.7171304451921493,0,1.5508373470151564e-4,0.003361569172779514
Post-Planting,Cashew nut,6. South West,9.959199294463973e-5,9.599014887033152e-5,0.9638339994229217,0,2.877326847304895e-4,0.005193011060684786
Post-Planting,Cassava flour,6. South West,0.11560550742699804,0.013297305828078447,0.11502311718561815,0.08954278800396429,0.1416682268500318,6.028001458693469
Post-Planting,Cassava roots,6. South West,0.05944042453137068,0.021033266741427005,0.3538545847754897,0.018215221718173753,0.1006656273445676,3.099393564850043
Post-Planting,Cheese/wara,6. South West,0.0037666564970693615,0.0014762521477964074,0.3919264071318959,8.73202287388403e-4,0.00666011070675032,0.19640423163290244
Post-Planting,Chicken,6. South West,0.03966401937620374,0.006298916715283953,0.15880681822838563,0.02731814261424719,0.05200989613816028,2.0681952960449093
Post-Planting,Chocolate drinks,6. South West,0.008332472501673197,8.211819405234192e-4,0.09855201326599305,0.006722955898247295,0.009941989105099098,0.434478923301531
Post-Planting,Coconut,6. South West,0.006083087867336063,0.001625564051168171,0.26722679116585674,0.0028969823270464483,0.009269193407625678,0.3171895816539519
Post-Planting,Cocoyam,6. South West,0.015483608634334567,0.005799080050595142,0.37453026536306316,0.004117411735168089,0.026849805533501046,0.8073595930760167
Post-Planting,Coffee,6. South West,1.2194164634235255e-4,8.315000394788388e-5,0.681883560227154,0,2.84915654080205e-4,0.0063583858449940975
Post-Planting,Dry pepper,6. South West,0.0030967758920684495,6.664329949053027e-4,0.21520220323730554,0.0017905672220540562,0.0044029845620828425,0.16147474294356917
Post-Planting,Duck,6. South West,3.27942383756996e-4,3.2977580491456586e-4,1.005590680706061,0,9.74302961389545e-4,0.017099852867329075
Post-Planting,Fish - dried,6. South West,0.013976447610277292,0.0020885439034940786,0.1494331007228411,0.009882901559428899,0.018069993661125685,0.7287719111073159
Post-Planting,Fish - fresh,6. South West,0.06252435142506768,0.011394217196553862,0.18223647166031404,0.04019168571982211,0.08485701713031325,3.2601983243071007
Post-Planting,Fish - frozen,6. South West,0.12486691457017053,0.010793190940285182,0.08643755615679775,0.10371226032721158,0.1460215688131295,6.51091768830175
Post-Planting,Fish - smoked,6. South West,0.07242304240827571,0.008257194058977593,0.11401335520301271,0.05623894205267963,0.0886071427638718,3.776344354145805
Post-Planting,Fresh milk,6. South West,0.016378490658319006,0.015243221988653174,0.9306853913862202,0,0.04625520575607923,0.8540212986123482
Post-Planting,Fresh pepper,6. South West,0.16693670387572981,0.007012861882315839,0.04200910716157615,0.15319149458639078,0.18068191316506885,8.704556702091626
Post-Planting,Fruit juice,6. South West,0.00142834351138941,6.206655694503084e-4,0.43453522524603394,2.1183899526680582e-4,0.0026448480275120144,0.07447791166530496
Post-Planting,Garden eggs/Eggplant,6. South West,0.01932718022124479,0.0034478363324993563,0.17839313821420424,0.012569421009546052,0.026084939432943526,1.007774397250621
Post-Planting,Gari - white,6. South West,0.28006579477499544,0.02347094371846097,0.08380510635837375,0.23406274508681194,0.32606884446317896,14.603430727553333
Post-Planting,Gari - yellow,6. South West,0.05872622487707992,0.012556257845049008,0.21381006307370443,0.03411595950078387,0.08333649025337597,3.0621531543048817
Post-Planting,Gin,6. South West,0.0014021458814591293,7.815952524597732e-4,0.5574279130260068,0,0.0029340725762802846,0.07311189239036887
Post-Planting,Goat,6. South West,0.00450896820787768,0.0017615884730995085,0.3906854943048419,0.0010562548006026432,0.007961681615152717,0.23511048512505045
Post-Planting,Ground pepper,6. South West,0.0021866981914266076,4.3431036609032486e-4,0.19861468207781324,0.0013354498738895708,0.0030379465089636444,0.11402069141010167
Post-Planting,Groundnut oil,6. South West,0.06893453128609517,0.012447973178260954,0.18057674355685135,0.0445365038567037,0.09333255871548664,3.5944434170606767
Post-Planting,Groundnuts - shelled,6. South West,0.006926067279286482,0.001191656817789439,0.17205388999804844,0.004590419916419182,0.009261714642153782,0.36114493670565223
Post-Planting,Groundnuts - unshelled,6. South West,0.00448574347784814,0.0011691812551976534,0.26064380653316416,0.002194148217660739,0.006777338738035541,0.2338994813449387
Post-Planting,Guava,6. South West,0.0015043006553575175,0.0011045551172165088,0.7342648647281192,0,0.0036692286851018746,0.0784385341722134
Post-Planting,Guinea corn / sorghum,6. South West,0.022539683677204585,0.017474413344469173,0.7752732289735658,0,0.05678953383236417,1.1752835060256677
Post-Planting,Honey,6. South West,0.0030358369427223395,8.095962750889057e-4,0.2666797625708161,0.0014490282435480843,0.004622645641896595,0.15829721201337915
Post-Planting,Kola nut,6. South West,7.68424002636163e-4,1.9891556056794615e-4,0.2588617220252679,3.785495039229885e-4,0.0011582985013493374,0.040067822994599926
Post-Planting,Leaves,6. South West,0.09508325045335132,0.011168706766647166,0.11746239966971503,0.07319258519072287,0.11697391571597977,4.957912345067605
Post-Planting,Local eggs,6. South West,0.0015057166831377582,4.7355015240135574e-4,0.3145014979939826,5.775583844311009e-4,0.0024338749818444156,0.07851236990646882
Post-Planting,Maize - shelled/off cob,6. South West,0.0049837397265067715,0.0015115196166138134,0.3032902397720668,0.002021161277943697,0.007946318175069845,0.2598664285964245
Post-Planting,Maize - unshelled/on cob,6. South West,0.18014765079707032,0.02735450876944574,0.15184493746332325,0.12653281360895668,0.23376248798518395,9.393413220132953
Post-Planting,Maize flour,6. South West,0.0491980416133471,0.017474825749742937,0.35519352349590544,0.014947383143850947,0.08344870008284325,2.5653264555530986
Post-Planting,Malt drinks,6. South West,0.02363904175812647,0.005490984981315297,0.23228458401566313,0.012876711194748489,0.034401372321504455,1.232607177388023
Post-Planting,Mangoes,6. South West,0,0,NA,0,0,0
Post-Planting,Meat pie/Sausage roll,6. South West,0.001267888005802947,5.087371580385277e-4,0.40124770934822984,2.7076317604743296e-4,0.0022650128355584612,0.0661113031597251
Post-Planting,Melon - ground,6. South West,0.004996149401706143,5.67944409627235e-4,0.11367642637613815,0.003882978358836763,0.006109320444575524,0.2605135045175346
Post-Planting,Melon - shelled,6. South West,0.010700670368913506,0.001481533911402169,0.13845243898981974,0.007796863902565255,0.013604476835261756,0.5579635263790614
Post-Planting,Melon - unshelled,6. South West,0.0010311277435159105,4.0035747419232674e-4,0.3882714597778148,2.464270940989501e-4,0.001815828392932871,0.053765946626186764
Post-Planting,Milk - tinned,6. South West,0.004896015323584227,0.001240065389102925,0.2532805367518969,0.0024654871609424943,0.00732654348622596,0.25529222758689185
Post-Planting,Milk powder,6. South West,0.014514991826585938,0.004842663809338546,0.33363186608680206,0.005023370760282388,0.024006612892889488,0.7568531452434096
Post-Planting,Millet,6. South West,0.005507467850414711,0.002140741849232045,0.3886980201020779,0.0013116138259199024,0.00970332187490952,0.2871751093430528
Post-Planting,Mutton,6. South West,0,0,NA,0,0,0
Post-Planting,Ogbono - ground,6. South West,0.0010925455646859253,2.2726754859000897e-4,0.20801654039512915,6.471011694495078e-4,0.0015379899599223428,0.05696844730148039
Post-Planting,Ogbono - unground,6. South West,5.561716493425592e-4,1.5224574625040792e-4,0.27373877548482556,2.5776998669175963e-4,8.545733119933586e-4,0.029000378858576297
Post-Planting,Okra - dried,6. South West,1.6757756472392883e-4,1.1299099322464688e-4,0.6742608618927651,0,3.890399114442367e-4,0.008737973017747718
Post-Planting,Okra - fresh,6. South West,0.04331294684211467,0.0038882013332135336,0.08976995602231574,0.035692072229016145,0.05093382145521319,2.2584607996245505
Post-Planting,Onions,6. South West,0.1805583260090891,0.008481045179588928,0.04697122180431603,0.1639354774570948,0.19718117456108342,9.41482699904536
Post-Planting,Orange/Tangerine,6. South West,0.07018286460874107,0.00927354528985427,0.13213403786740385,0.0520067158406267,0.08835901337685544,3.65953508317007
Post-Planting,Other alcoholic beverages,6. South West,0,0,NA,0,0,0
Post-Planting,Other domestic poultry,6. South West,3.7863154274824244e-4,3.719832717717938e-4,0.982441317677357,0,0.0011077187554209581,0.019742930443301214
Post-Planting,Other eggs,6. South West,0,0,NA,0,0,0
Post-Planting,Other fish/seafood,6. South West,0,0,NA,0,0,0
Post-Planting,Other fruits,6. South West,5.128921529786602e-4,4.0544776060710125e-4,0.7905126998969132,0,0.0013075697637685785,0.026743662262458705
Post-Planting,Other grains/flour,6. South West,0.012558172537519962,0.004047664419359486,0.32231317154357514,0.00462475027557537,0.020491594799464552,0.6548189965992551
Post-Planting,Other meat,6. South West,0.0028993367039604383,8.402470153608855e-4,0.2898066355015353,0.0012524525538531027,0.004546220854067774,0.15117969956365143
Post-Planting,Other milk products,6. South West,3.1910701150876915e-4,3.205424457676251e-4,1.0044982849235091,0,9.473702052133143e-4,0.01663915131438582
Post-Planting,Other non-alcoholic drinks,6. South West,7.410115708499314e-6,7.423889395360724e-6,1.0018587681222861,0,2.1960938923406333e-5,3.863846048003214e-4
Post-Planting,Other nuts/seeds/pulses,6. South West,4.41709430197923e-4,3.923815006813809e-4,0.8883249345742086,0,0.0012107771715334295,0.023031991717463125
Post-Planting,Other oil/fat,6. South West,0,0,NA,0,0,0
Post-Planting,Other roots/tubers,6. South West,0,0,NA,0,0,0
Post-Planting,Other spices,6. South West,0.005985801740282836,7.185476730999253e-4,0.12004201012276981,0.004577448301006982,0.0073941551795586894,0.3121168050290336
Post-Planting,Other sweets,6. South West,0,0,NA,0,0,0
Post-Planting,Other vegetables,6. South West,0.005576095270873095,0.0019033479366796478,0.341340641473944,0.0018455333149809856,0.009306657226765205,0.29075353912409707
Post-Planting,Palm oil,6. South West,0.12877492935765222,0.004863650251154737,0.037768611292705194,0.11924217486538893,0.1383076838499155,6.7146927450775795
Post-Planting,Palm wine,6. South West,0.011648828163836025,0.004949274457992351,0.42487316220849175,0.001948250226171018,0.02134940610150103,0.6074031828285927
Post-Planting,Pawpaw,6. South West,0.07531168104443649,0.018257405872994,0.2424246228446488,0.03952716553336825,0.11109619655550473,3.926966225888474
Post-Planting,Pineapples,6. South West,0.055359427281237605,0.009669089017355153,0.17466020680152874,0.03640801280722151,0.07431084175525371,2.8865987082359608
Post-Planting,Pito,6. South West,2.447571372697397e-4,2.454283144338833e-4,1.0027422169242155,0,7.257966335601509e-4,0.012762336443350713
Post-Planting,Plantains,6. South West,0.1373469254858923,0.018202393809965585,0.13252858588258137,0.10167023361835975,0.17302361735342486,7.161661114621528
Post-Planting,Pork,6. South West,5.705431623173825e-4,3.204784493730821e-4,0.5617076332514278,0,0.0011986809230886235,0.02974975060654923
Post-Planting,Potatoes,6. South West,0.004493722729758458,0.001916402270109829,0.4264620639406556,7.375742803431931e-4,0.008249871179173723,0.2343155423374053
Post-Planting,Rice - imported,6. South West,0.32622101978764534,0.020402213848474487,0.06254107678823204,0.28623268064463536,0.3662093589306553,17.010096031784364
Post-Planting,Rice - local,6. South West,0.1364303138236752,0.022214755033361837,0.16282858560358188,0.092889393958286,0.17997123368906442,7.113866363663065
Post-Planting,Sachet water,6. South West,2.31584268152063,0.3329736928448725,0.1437807911141162,1.66321424354468,2.9684711194965803,120.75465410786144
Post-Planting,Salt,6. South West,0.043849139598239356,0.012652838630179426,0.28855386322534515,0.019049575883087682,0.06864870331339103,2.286419421908195
Post-Planting,Seafood,6. South West,7.850665329751748e-4,2.623892186612741e-4,0.3342254543279217,2.7078366439907756e-4,0.001299349401551272,0.04093561207656269
Post-Planting,Shea butter,6. South West,0,0,NA,0,0,0
Post-Planting,Snails,6. South West,0.0017530214629945078,7.540887286722452e-4,0.43016514320601207,2.7500755479690706e-4,0.0032310353711921085,0.09140754771328505
Post-Planting,Soft drinks,6. South West,0.1004316712275269,0.012803998749870935,0.1274896513557323,0.07533583367777986,0.12552750877727392,5.236794285435331
Post-Planting,Soya beans,6. South West,9.652721144050462e-4,3.396780254738701e-4,0.3518987241056203,2.995031844762609e-4,0.0016310410443338315,0.050332045965405976
Post-Planting,Sugar,6. South West,0.018827132994847954,0.0019077433845834844,0.10132946875690199,0.015087955961064325,0.022566310028631582,0.981700506159929
Post-Planting,Sweet potatoes,6. South West,0.0420025040048729,0.006546408184697113,0.15585756944247026,0.02917154396286656,0.054833464046879235,2.1901305659683725
Post-Planting,Tea,6. South West,0.001535929512625528,3.109554411908536e-4,0.20245423936109172,9.264568478914549e-4,0.002145402177359601,0.0800877531583311
Post-Planting,Tomato puree - canned,6. South West,0.010722200962027422,0.0010733217377452895,0.10010274397452992,0.008618490356046655,0.01282591156800819,0.5590861930200013
Post-Planting,Tomatoes,6. South West,0.25457571021545417,0.009722213066009646,0.03818986916615682,0.23552017260607527,0.27363124782483306,13.274304889805824
Post-Planting,Watermelon,6. South West,0.1974098519463286,0.03035045854427786,0.15374338334709597,0.137922953199544,0.2568967506931132,10.293513708629991
Post-Planting,Wheat flour,6. South West,0.03361674101371183,0.00548598949070989,0.1631921871448582,0.022864201611920446,0.04436928041550321,1.7528729242864025
Post-Planting,White beans,6. South West,0.056975189672206175,0.008689625805323837,0.1525159609878901,0.03994352309377146,0.07400685625064089,2.970849175765036
Post-Planting,Wild game/Bush meat,6. South West,0.0052547463331722,0.001794698139997102,0.34153849228982164,0.0017371379787778805,0.00877235468756652,0.2739974873725504
Post-Planting,Yam flour,6. South West,0.08382202802972585,0.00939348565620503,0.11206464311354782,0.06541079614356399,0.10223325991588772,4.3707200329785625
Post-Planting,Yam roots,6. South West,1.0753735091039613,0.12577741645419674,0.11696160951463168,0.8288497728537357,1.321897245354187,56.073047260420836
