product,zone,estimate_kg_person_year,se,cv,ci_low,ci_high
Agricultural eggs,1. North Central,0.365464324772428,0.0929860065545665,0.2544325129750167,0.18321175192547767,0.5477168976193784
Animal fat,1. North Central,0.025922171271436943,0.02019734757621673,0.7791533882222179,0,0.06550897252082175
Apples,1. North Central,0.009315088232987774,0.006765001645834503,0.7262412847446167,0,0.022574491458823398
Avocado pear,1. North Central,0.1157545553943696,0.06226079686455113,0.5378690856047256,0,0.2377857172488898
Baby milk powder,1. North Central,0.009094372447856568,0.004077679521559521,0.4483739306850777,0.001102120585599907,0.01708662431011323
Bananas,1. North Central,1.2313391283564439,0.23628103921962387,0.19188949151238702,0.768228291485981,1.6944499652269067
Beef,1. North Central,1.8723300086371333,0.2625455093548788,0.1402239499146763,1.357740810301571,2.3869192069726957
Beer,1. North Central,0.7130521714406312,0.1962996677401622,0.27529495821261396,0.3283048226699133,1.097799520211349
Biscuits,1. North Central,0.3037210377256177,0.0525016988114263,0.1728615811554564,0.20081770805522214,0.40662436739601326
Bottled water,1. North Central,0.4506448328426032,0.3227585911325213,0.7162150048334212,0,1.083251671462345
Bread,1. North Central,4.771210321365507,0.48908877307903303,0.10250832391288449,3.8125963261306017,5.7298243166004115
Brown beans,1. North Central,1.977302334099031,0.4619981140935037,0.23365072003721463,1.0717860304757636,2.8828186377222984
Buns/Pofpof/Donuts,1. North Central,0.03772932895532945,0.013356534789839124,0.3540093386143421,0.011550520767244762,0.06390813714341413
Butter/Margarine,1. North Central,0,0,NA,0,0
Cake,1. North Central,0.07278072485033713,0.03680029492247449,0.5056324321879027,6.521468022871318e-4,0.1449093028983871
Canned fish/seafood,1. North Central,0,0,NA,0,0
Cashew nut,1. North Central,0.016529066216344847,0.007082101602712118,0.42846350241545694,0.002648147075029096,0.030409985357660596
Cassava flour,1. North Central,5.509999399147143,0.92530667146655865,0.1679322635878655,3.6963983230726885,7.323600475221598
Cassava roots,1. North Central,16.785814857657662,5.823568976948888,0.34693394549697326,5.371619662837842,28.20001005247748
Cheese/wara,1. North Central,0.04515442356351028,0.01370752056022594,0.3035698272384351,0.01828768326546744,0.07202116386155312
Chicken,1. North Central,1.191030921822875,0.21519553080993614,0.18068005361320005,0.7692476814354001,1.6128141622103498
Chocolate drinks,1. North Central,0.09187280389721758,0.020207313851265146,0.21994880959409943,0.052266468748737895,0.13147913904569727
Coconut,1. North Central,0.14690627827983843,0.0585199001929812,0.3983485313099279,0.03220727390159528,0.2616052826580816
Cocoyam,1. North Central,0.256637481029374,0.09290267815427414,0.3619996493950966,0.07454823184699669,0.43872673021175135
Coffee,1. North Central,0.007360614045960766,0.0044827575279951645,0.6090195057102793,0,0.01614681880083129
Dry pepper,1. North Central,0.1303160313246192,0.022068039971252677,0.16934248032984411,0.08706267298096394,0.17356938966827445
Duck,1. North Central,0,0,NA,0,0
Fish - dried,1. North Central,1.564288546621411,0.1852829337324912,0.11844549660142296,1.2011339965057282,1.9274430967370937
Fish - fresh,1. North Central,4.218758597670992,1.1471868751892684,0.2719252236481567,1.9702723223000258,6.467244873041958
Fish - frozen,1. North Central,0.5828949422080358,0.12893042884476136,0.22118982257139908,0.3301913016723036,0.8355985827437681
Fish - smoked,1. North Central,2.0756815049384136,0.420739875835814,0.20269963134266958,1.2510313483002182,2.900331661576609
Fresh milk,1. North Central,0.1588390037598215,0.13036647233134271,0.820745970734419,0,0.4143572895292532
Fresh pepper,1. North Central,2.630924992006155,0.3223975588806746,0.12254152431568843,1.9990257766000326,3.262824207412277
Fruit juice,1. North Central,0.027324353894557868,0.016440193782438314,0.6016681618851625,0,0.05954713370813696
Garden eggs/Eggplant,1. North Central,0.29461773855291973,0.09354298209919631,0.3175062796919608,0.11127349363849495,0.47796198346734453
Gari - white,1. North Central,6.390694248179452,0.6543460357466756,0.10239044622312862,5.108176018115968,7.673212478242936
Gari - yellow,1. North Central,1.1529264815751388,0.24809720581285338,0.21518909468876168,0.6666559581819462,1.6391970049683313
Gin,1. North Central,0,0,NA,0,0
Goat,1. North Central,0.6853158227837765,0.3011775563873559,0.43947264366954536,0.0950078122645589,1.2756238333029941
Ground pepper,1. North Central,0.16002959224925883,0.02408045430015393,0.15047500878866643,0.11283190182095713,0.20722728267756052
Groundnut oil,1. North Central,1.866561457407812,0.23670939269308328,0.12681575083084248,1.4026110477293687,2.3305118670862552
Groundnuts - shelled,1. North Central,0.34114467592797576,0.09813848924955426,0.28767410478442806,0.14879323699884942,0.5334961148571021
Groundnuts - unshelled,1. North Central,0.15037081479619313,0.043289880855365934,0.28788751935699347,0.0655226483196759,0.23521898127271035
Guava,1. North Central,0.007032144364975653,0.007084785949122374,1.0074858508890843,0,0.020918324825255505
Guinea corn / sorghum,1. North Central,16.4470503529079,1.5743633251929916,0.09572314131783746,13.361298235529638,19.532802470286164
Honey,1. North Central,0.0758475108887723,0.03528994236826448,0.46527489109057163,0.00667922384697392,0.14501579793057068
Kola nut,1. North Central,0.0371725819349617,0.007640654914550464,0.20554544550924092,0.022196898302442793,0.05214826556748061
Leaves,1. North Central,2.9039639966900337,0.3860910058285,0.13295309661847401,2.1472256252661737,3.6607023681138937
Local eggs,1. North Central,0.03957108679627821,0.013556946327598142,0.34259727051199457,0.01299947199418585,0.06614270159837057
Maize - shelled/off cob,1. North Central,1.5589208910512744,0.32395165730201236,0.20780506513294092,0.9239756427393302,2.1938661393632186
Maize - unshelled/on cob,1. North Central,0.19288252286922666,0.09423983464751688,0.48858669642874275,0.008172446960093588,0.3775925987783597
Maize flour,1. North Central,12.757780850651145,1.674094598019134,0.13122145752595285,9.476555438533643,16.03900626276865
Malt drinks,1. North Central,0.515524291541581,0.09879808574394848,0.191645839711085,0.32188004348344196,0.70916853959972
Mangoes,1. North Central,2.6334410346297714,1.2169908118568136,0.46212950882642684,0.2481390433904167,5.018743025869126
Meat pie/Sausage roll,1. North Central,0.014767580470223456,0.006649708678760733,0.45029100685578405,0.0017341514598524198,0.027801009480594493
Melon - ground,1. North Central,0.2667022112262242,0.06057884958874681,0.22714040993594223,0.14796766603228043,0.38543675642016795
Melon - shelled,1. North Central,0.21699467331660505,0.04482519922027981,0.20657280907019232,0.12913728284485662,0.3048520637883535
Melon - unshelled,1. North Central,0.0321233756621951,0.011291186983530453,0.3514944102471355,0.009992649174475413,0.05425410214991479
Milk - tinned,1. North Central,0.010763995333386615,0.006385000082842006,0.5931812384791446,0,0.02327859549575695
Milk powder,1. North Central,0.18740021156783812,0.0341398021387174,0.1821758996593178,0.12048619937595201,0.25431422375972423
Millet,1. North Central,4.619537675138044,0.945850019430796,0.20474993082560616,2.7656716370536842,6.473403713222405
Mutton,1. North Central,0.03423324892591577,0.030794317839924642,0.8995441217562107,0,0.09459011189216807
Ogbono - ground,1. North Central,0.10110128575435304,0.026325608592487296,0.2603884648554414,0.04950309291307794,0.15269947859562813
Ogbono - unground,1. North Central,0.04088904298196553,0.01374810922881826,0.3362296651179139,0.013942748893481741,0.06783533707044932
Okra - dried,1. North Central,0.4451315427732574,0.059639112112055026,0.13398087167782266,0.3282388830336295,0.5620242025128852
Okra - fresh,1. North Central,1.5082013230459732,0.17164080778490826,0.11380497096916833,1.171785339787553,1.8446173063043934
Onions,1. North Central,6.134343845829963,0.4226236742450463,0.06889468293048812,5.306001444309672,6.962686247350254
Orange/Tangerine,1. North Central,2.3580433287414397,0.4535881119117237,0.19235783600033238,1.4690106293944614,3.247076028088418
Other alcoholic beverages,1. North Central,0,0,NA,0,0
Other domestic poultry,1. North Central,0,0,NA,0,0
Other eggs,1. North Central,8.906500097687192e-4,8.925189475945898e-4,1.0020983975808364,0,0.0026399871470541153
Other fish/seafood,1. North Central,0,0,NA,0,0
Other fruits,1. North Central,0.0027936560393661105,0.0021839873546976255,0.7817667328842599,0,0.007074271254573456
Other grains/flour,1. North Central,3.451321855451907e-4,3.475647148177284e-4,1.0070481090272563,0,0.0010263590265879384
Other meat,1. North Central,0.0032649192048072287,0.0032732364036822015,1.0025474440110882,0,0.009680462556024344
Other non-alcoholic drinks,1. North Central,0,0,NA,0,0
Other nuts/seeds/pulses,1. North Central,0,0,NA,0,0
Other oil/fat,1. North Central,0,0,NA,0,0
Other spices,1. North Central,0.5680042655205345,0.07380711675878288,0.1299411311482741,0.4233423166733201,0.7126662143677489
Other vegetables,1. North Central,0,0,NA,0,0
Palm oil,1. North Central,6.2586865814517605,0.21031470289067772,0.033603648329981285,5.846469763786033,6.670903399117488
Palm wine,1. North Central,0.2270031611173755,0.0892518760454812,0.3931745954820961,0.05206948406823236,0.40193683816651865
Pawpaw,1. North Central,1.507648337118926,0.48145278721902934,0.31934024358695756,0.5640008741696285,2.4512958000682232
Pineapples,1. North Central,1.2768559531088104,0.45361473681593595,0.3552591313934063,0.3877710689495759,2.165940837268045
Pito,1. North Central,1.4156427896883765,1.2014916851013828,0.8487251825482511,0,3.7705664924870868
Plantains,1. North Central,1.0065046572974146,0.2735833860822136,0.27181532057369484,0.47028122057627586,1.5427280940185533
Pork,1. North Central,0.25446926489315796,0.09964476418326064,0.39157877956340903,0.05916552709396711,0.4497730026923488
Potatoes,1. North Central,1.2303460751574182,0.7700467432594008,0.6258781645325899,0,2.739637691945844
Rice - imported,1. North Central,1.28435057976196,0.4908018769443892,0.38214011398301684,0.3223789009509572,2.246322258572963
Rice - local,1. North Central,24.86043463597712,3.692276792562824,0.14852020274896943,17.623572122553988,32.097297149400255
Sachet water,1. North Central,32.687650157945676,7.241488989673835,0.22153593037992003,18.49433173818496,46.88096857770639
Salt,1. North Central,1.969878696494408,0.6423913903397096,0.32610708034099156,0.7107915714285771,3.228965821560239
Seafood,1. North Central,0.006005867117308974,0.003335750488287636,0.5554153002609676,0,0.01254393807435274
Snails,1. North Central,0.005220391174713312,0.005277641969113429,1.0109667633102726,0,0.015564569434175633
Soft drinks,1. North Central,2.333372905884051,0.38485086975055033,0.16493328982267447,1.5790652011729724,3.0876806105951298
Soya beans,1. North Central,1.1012507357954489,0.2852917446977718,0.2590615701080114,0.5420789161878161,1.6604225554030816
Sugar,1. North Central,1.400378641873564,0.1666250071436941,0.11898568155878671,1.0737936278719236,1.7269636558752044
Sweet potatoes,1. North Central,3.8594269912347627,0.9345690254565161,0.2421522748270762,2.027671701339991,5.691182281129534
Tea,1. North Central,0.07666689609590797,0.0252504242460937,0.3293523741264572,0.02717606457356432,0.12615772761825161
Tomato puree - canned,1. North Central,0.2417914113452531,0.045307289815459686,0.18738171700716685,0.1529891233069521,0.3305936993835541
Tomatoes,1. North Central,5.691936853843158,0.6225127167796572,0.10936746713192026,4.47181192895503,6.912061778731286
Watermelon,1. North Central,2.8454382824764064,0.5999859864821792,0.21085890007777883,1.6694657489713354,4.021410815981477
Wheat flour,1. North Central,0.31222807153911175,0.10139304083412928,0.32474031029406697,0.11349771150421836,0.5109584315740051
White beans,1. North Central,7.544229418954316,0.4448594054971603,0.05896684482837758,6.672304984179882,8.416153853728751
Wild game/Bush meat,1. North Central,0.0555247053014012,0.020068202232712613,0.3614283430011501,0.016191028925284484,0.09485838167751792
Yam flour,1. North Central,3.687949007578396,0.8010621520140255,0.21721074515073732,2.117867189630906,5.258030825525886
Yam roots,1. North Central,68.97393765661926,9.484435354457686,0.13750752351816017,50.38444436188219,87.56343095135632
Agricultural eggs,2. North East,0.06307664255735014,0.02461839594035206,0.39029337869352637,0.0148245865142601,0.11132869860044017
Animal fat,2. North East,0.007954405890891074,0.008019514420599026,1.0081852159169438,0,0.023672654155265167
Apples,2. North East,0.0044899302623120415,0.004554467451156954,1.0143737619683384,0,0.013416686466579671
Avocado pear,2. North East,0.15728742394543582,0.10264901878510878,0.6526206368585354,0,0.35847950076424906
Baby milk powder,2. North East,0,0,NA,0,0
Bananas,2. North East,0.8379195356383349,0.2921133301757938,0.3486174003011627,0.2653774084937791,1.4104616627828905
Beef,2. North East,1.0723734589339888,0.1730171817145145,0.16134041762512957,0.7332597827735404,1.4114871350944371
Beer,2. North East,1.5722041529501642,0.7824733302632746,0.4976919370140332,0.038556425634146185,3.105851880266182
Biscuits,2. North East,0.1502213519791998,0.020572139969452036,0.13694551206209707,0.10989995763907381,0.1905427463193258
Bottled water,2. North East,0.09602855493988642,0.07797322162391351,0.8119795374690841,0,0.2488560693227569
Bread,2. North East,3.6637104730586674,0.38482579868262506,0.10503717515684347,2.9094519076407224,4.417969038476612
Brown beans,2. North East,0.7700822024430273,0.20930541774889663,0.2717962018663606,0.35984358365518987,1.1803208212308647
Buns/Pofpof/Donuts,2. North East,0.0681046655938722,0.020041249524932737,0.2942713153375497,0.028823816525004035,0.10738551466274035
Butter/Margarine,2. North East,3.729015824214258e-4,2.779416164018324e-4,0.7453484498430563,0,9.176671505690173e-4
Cake,2. North East,0.34330196961663695,0.14083716188673168,0.41024280182255757,0.06726113231864289,0.619342806914631
Canned fish/seafood,2. North East,0,0,NA,0,0
Cashew nut,2. North East,0.014853619555306254,0.008543435122282948,0.5751753025901973,0,0.031598752394980834
Cassava flour,2. North East,1.8704694337253203,0.4882118661003953,0.2610103417343999,0.9135741761685455,2.827364691282095
Cassava roots,2. North East,7.334405315529502,2.4423654659862195,0.3330011583645203,2.547369002196512,12.121441628862492
Cheese/wara,2. North East,0.07305568843862917,0.022894041957875897,0.31337795108327754,0.02818336620119241,0.11792801067606593
Chicken,2. North East,1.2117060674618811,0.19493187043640872,0.16087389150796758,0.82963960140652,1.5937725335172424
Chocolate drinks,2. North East,0.03415721730317537,0.012205682548832657,0.35733831712626,0.010234079507463363,0.05808035509888738
Coconut,2. North East,0.03705432776728637,0.021015592309196075,0.5671562156296844,0,0.07824488869331067
Cocoyam,2. North East,0.19954201885777323,0.07479872513448305,0.3748520014112769,0.052936517594186466,0.34614752012135996
Coffee,2. North East,0.002026024793106766,0.0012087440370086703,0.5966087093905433,0,0.00439516310564376
Dry pepper,2. North East,0.21175038141307356,0.035235948187774084,0.16640323362174875,0.14268792296503635,0.2808128398611108
Duck,2. North East,0.15548577283327558,0.057438922902109245,0.3694159398345719,0.04290548394514146,0.2680660617214097
Fish - dried,2. North East,1.1127703152382804,0.38851927284815946,0.34914597157003135,0.35127254045588785,1.874268090020673
Fish - fresh,2. North East,1.185775089274536,0.3082082174092897,0.25992131239479255,0.5816869831523281,1.7898631953967439
Fish - frozen,2. North East,0.04804136170439387,0.020087212430881168,0.41812329455773917,0.008670425339866776,0.08741229806892095
Fish - smoked,2. North East,0.8526250196720719,0.18160851712809647,0.2129992821439194,0.49667232610100287,1.208577713243141
Fresh milk,2. North East,0.803765832243085,0.32210875104844705,0.4007494946003513,0.17243268018812874,1.4350989842980413
Fresh pepper,2. North East,1.3505178050909687,0.15880972753547065,0.11759173180598939,1.0392507391214463,1.6617848710604912
Fruit juice,2. North East,0.004992645498377482,0.005057696728292224,1.0130294109477396,0,0.01490573108583024
Garden eggs/Eggplant,2. North East,0.5486098155559889,0.1522138362076814,0.2774537237424748,0.25027069658893336,0.8469489345230443
Gari - white,2. North East,1.447975837984979,0.5441927067198008,0.3758299637631427,0.3813581328141695,2.5145935431557884
Gari - yellow,2. North East,0.13388309149257577,0.05290023890541499,0.3951226276273167,0.030198623237962394,0.23756755974718913
Gin,2. North East,0.0030799177207711096,0.0031143074223898733,1.0111657858217569,0,0.009183960268655261
Goat,2. North East,0.4830078491001508,0.14084872783746175,0.29160753412157703,0.2069443425387258,0.7590713556615758
Ground pepper,2. North East,0.11030619865355205,0.020232340745123055,0.18341979863405924,0.07065081079311086,0.14996158651399324
Groundnut oil,2. North East,1.7616531454025877,0.14773043384807813,0.08385897884246535,1.4721014950603546,2.051204795744821
Groundnuts - shelled,2. North East,1.0890300944859892,0.13769715776359065,0.12644017687002695,0.8191436652693516,1.3589165237026268
Groundnuts - unshelled,2. North East,0.5509073325682251,0.08692944448542639,0.15779322464302276,0.38052562137678936,0.7212890437596609
Guava,2. North East,0.1283446558584343,0.08111870548234403,0.6320380458366645,0,0.2873373186038286
Guinea corn / sorghum,2. North East,28.872580748096684,4.493240389820296,0.1556230954559369,20.065829584048906,37.67933191214446
Honey,2. North East,0.02966809213539707,0.01525706993225116,0.5142585462732845,0,0.059571949202609345
Kola nut,2. North East,0.12216041273444389,0.03807208441981554,0.3116564815688518,0.04753912727160543,0.19678169819728236
Leaves,2. North East,3.882294651437682,0.5103694287610855,0.1314607660116902,2.8819705710659544,4.882618731809409
Local eggs,2. North East,0.06473704262737699,0.017511253076017242,0.27049819338846065,0.030414986598383195,0.09905909865637079
Maize - shelled/off cob,2. North East,3.1615476969653056,0.9474680181556573,0.2996848724012955,1.3045103813802172,5.018585012550394
Maize - unshelled/on cob,2. North East,0.021676286890428522,0.012381286452583812,0.5711903756934934,0,0.045943608337492794
Maize flour,2. North East,20.32192899509508,1.4397438608264301,0.07084681090923642,17.50003102787528,23.143826962314883
Malt drinks,2. North East,0.31415395614973046,0.05953230844064625,0.18950042574753462,0.19747063160606382,0.4308372806933971
Mangoes,2. North East,0.914121733565601,0.43389953227987466,0.4746627460517941,0.06367865029704667,1.7645648168341554
Meat pie/Sausage roll,2. North East,0.011192029040248904,0.005929834936870712,0.5298266217453307,0,0.0228145055165155
Melon - ground,2. North East,0.006044558140504716,0.004457392759638425,0.7374224312227786,0,0.014781047949396029
Melon - shelled,2. North East,0.0023979944500860865,0.0020080016003573378,0.8373670757600176,0,0.006333677586786468
Melon - unshelled,2. North East,0,0,NA,0,0
Milk - tinned,2. North East,0.0015710440743136414,0.0015938907671414822,1.0145423627518675,0,0.004695069977910946
Milk powder,2. North East,0.061815232114371815,0.015810681170019318,0.2557732233499677,0.03082629702113395,0.09280416720760967
Millet,2. North East,10.623325553217864,2.7550399528362197,0.2593387484017849,5.223447245658873,16.023203860776853
Mutton,2. North East,0.22616627779607965,0.056006503827401015,0.24763419362588912,0.11639353029437366,0.33593902529778563
Ogbono - ground,2. North East,0.0012866250791477287,7.509350564951264e-4,0.5836471468382631,0,0.0027584577898781765
Ogbono - unground,2. North East,0,0,NA,0,0
Okra - dried,2. North East,0.4850297491702245,0.046503367879639095,0.09587735176903225,0.3938831481261319,0.5761763502143171
Okra - fresh,2. North East,0.6565555911073518,0.09956607021151707,0.15164910871231507,0.4614060934927784,0.8517050887219253
Onions,2. North East,5.595101512496541,0.20707387435469912,0.037009851187186506,5.189236718761331,6.000966306231751
Orange/Tangerine,2. North East,2.8197442150384697,0.41974525872871515,0.1488593385492551,1.997043507930188,3.642444922146751
Other alcoholic beverages,2. North East,0.07109264073578987,0.07165646233015162,1.0079308011142412,0,0.21153930690288703
Other domestic poultry,2. North East,0,0,NA,0,0
Other eggs,2. North East,0,0,NA,0,0
Other fish/seafood,2. North East,0,0,NA,0,0
Other fruits,2. North East,0,0,NA,0,0
Other grains/flour,2. North East,0,0,NA,0,0
Other meat,2. North East,0,0,NA,0,0
Other non-alcoholic drinks,2. North East,0.019126910532853224,0.015798363514758045,0.8259757103805175,0,0.05009170302177899
Other nuts/seeds/pulses,2. North East,0.02538458611486435,0.025401150202419925,1.000652525413675,0,0.0751708405116074
Other oil/fat,2. North East,0.13246353645773404,0.07902983138495184,0.5966157442140191,0,0.28736200597223965
Other spices,2. North East,1.135649138574754,0.11109357605831559,0.09782385446770879,0.9179057295004555,1.3533925476490525
Other vegetables,2. North East,0.08573199103509865,0.04820720593265298,0.5623012524334932,0,0.1802181146630985
Palm oil,2. North East,3.4170311451930373,0.2855573980603334,0.08356886019667857,2.8573386449947837,3.976723645391291
Palm wine,2. North East,0.10329832374379007,0.06203126571924231,0.6005060244065327,0,0.22487960455350497
Pawpaw,2. North East,0.028783580690199213,0.020903346116561618,0.7262246605641803,0,0.06975413907865999
Pineapples,2. North East,0.5041698397495734,0.409998312590348,0.81321467542366,0,1.3077665324266556
Pito,2. North East,0.0818839726923888,0.04405967951918019,0.5380745226504574,0,0.16824094454998195
Plantains,2. North East,0.05346701366380478,0.046171845879151754,0.8635575977644027,0,0.1439638315869422
Pork,2. North East,0.06133465726322737,0.03605596759443088,0.5878563475082448,0,0.13200435374831188
Potatoes,2. North East,0.17451311258681537,0.10206316953665479,0.5848452762303533,0,0.37455692487865877
Rice - imported,2. North East,0.23461794392077676,0.18979106496110743,0.8089366984871115,0,0.6066084312445473
Rice - local,2. North East,19.3072975484589,1.3808193755529918,0.07151800359875886,16.600891572375037,22.013703524542766
Sachet water,2. North East,21.821078434172684,5.672312633881074,0.2599464848170842,10.70334567176578,32.938811196579586
Salt,2. North East,1.2152652553324361,0.07203554437017558,0.059275573010988646,1.074075588366892,1.3564549222979803
Seafood,2. North East,0.0020596783410686673,0.0020672012452323824,1.0036524655397463,0,0.006111392781724137
Snails,2. North East,0,0,NA,0,0
Soft drinks,2. North East,1.7414177306332899,0.46954097090049685,0.2696314403148646,0.8211174276683161,2.6617180335982638
Soya beans,2. North East,1.0936202921426224,0.2547477542861235,0.23293985683735016,0.5943146937418202,1.5929258905434245
Sugar,2. North East,1.1209552809037102,0.11129184266794956,0.0992830352502791,0.902823269274529,1.3390872925328914
Sweet potatoes,2. North East,6.888324488023188,0.8736478830194172,0.1268302450818685,5.1759746373051305,8.600674338741246
Tea,2. North East,0.0979083173361528,0.02066811742189262,0.21109664617084464,0.057398807189243256,0.13841782748306233
Tomato puree - canned,2. North East,0.1669723579851938,0.0360243943362047,0.21575064741793457,0.0963645450862326,0.237580170884155
Tomatoes,2. North East,3.474900136282748,0.2903016075505534,0.08354243177218372,2.9059089854836633,4.043891287081832
Watermelon,2. North East,3.4419618548668107,0.5998757790024205,0.1742830990861266,2.2662053280220666,4.617718381711555
Wheat flour,2. North East,0.48442150597191824,0.16361563052587177,0.33775467956898786,0.16373487014120958,0.8051081418026269
White beans,2. North East,7.468911157261521,0.5588385796996942,0.07482196105069117,6.373587541050121,8.564234773472922
Wild game/Bush meat,2. North East,0.06506797025821308,0.026324480235469655,0.4045689473792507,0.013471988996692559,0.1166639515197336
Yam flour,2. North East,0.019449074704198245,0.013836055372545652,0.7113991582108029,0,0.046567743234387726
Yam roots,2. North East,12.445900581771038,1.979710271671997,0.1590652487270862,8.565668449293923,16.326132714248153
Agricultural eggs,3. North West,0.18938847219014696,0.04552739484998148,0.24039158415234352,0.10015477828418326,0.2786221660961107
Animal fat,3. North West,0.022991902066256474,0.019745476221385387,0.8588013364220254,0,0.06169303546017183
Apples,3. North West,0.005951149910180879,0.004237803549572482,0.7120982689954921,0,0.014257244867342943
Avocado pear,3. North West,0,0,NA,0,0
Baby milk powder,3. North West,0.0045800664816522075,0.004615886722400613,1.007820899738443,0,0.013627204457557409
Bananas,3. North West,1.2211653095455346,0.23502061624259063,0.192456020823303,0.760524901710057,1.6818057173810121
Beef,3. North West,1.617878407508904,0.15987887236090023,0.098820079196848,1.3045158176815397,1.9312409973362685
Beer,3. North West,0,0,NA,0,0
Biscuits,3. North West,0.1335522351686062,0.021492823633172082,0.16093196498012896,0.09142630084758893,0.17567816948962348
Bottled water,3. North West,0.13856163893951032,0.07777029019331809,0.5612685501451744,0,0.2909914077184138
Bread,3. North West,5.045378034321829,0.4160326447433999,0.082458171005876,4.229954050624766,5.860802018018893
Brown beans,3. North West,0.2556671683994178,0.10319709288499687,0.40363842385807047,0.05340086634482391,0.45793347045401167
Buns/Pofpof/Donuts,3. North West,0.01679672656831289,0.007558407969348242,0.4499929160963551,0.0019822469483903368,0.031611206188235444
Butter/Margarine,3. North West,0.0023344858330840287,0.0023591123764647444,1.0105490224150053,0,0.006958346090954927
Cake,3. North West,0.020572873206875102,0.013311397599472636,0.6470363894054524,0,0.04666321250184147
Canned fish/seafood,3. North West,0,0,NA,0,0
Cashew nut,3. North West,0.016661285998948127,0.0132984557677902,0.7981650257146878,0,0.04272625930381692
Cassava flour,3. North West,1.1398554142354091,0.21490448582783628,0.1885366188938881,0.7186426220128501,1.5610682064579682
Cassava roots,3. North West,14.238734766764553,3.311534237786594,0.23257222583541873,7.7481276607028295,20.729341872826275
Cheese/wara,3. North West,1.4941272147010174,0.3134451484763635,0.20978477963075287,0.8797747236873449,2.10847970571469
Chicken,3. North West,0.9875668163505318,0.19028964559550474,0.19268533778676744,0.6145991109833425,1.360534521717721
Chocolate drinks,3. North West,0.02661178002740018,0.0052285278927804045,0.19647418877643572,0.016363865357550588,0.03685969469724977
Coconut,3. North West,0,0,NA,0,0
Cocoyam,3. North West,0.25336266999460866,0.23778444502228435,0.9385141269127935,0,0.719420182238286
Coffee,3. North West,2.6036079805896755e-4,1.2341972472226453e-4,0.4740334399125322,1.8458137603329073e-5,5.02263458514606e-4
Dry pepper,3. North West,0.2917751817588789,0.049640993773967176,0.17013439414113765,0.19447883396190324,0.38907152955585456
Duck,3. North West,0,0,NA,0,0
Fish - dried,3. North West,0.2990238073559598,0.0680663701146879,0.22762859825960705,0.16561372193117152,0.43243389278074806
Fish - fresh,3. North West,2.079870955697868,0.4616781568578216,0.2219744237463582,1.1749817682565378,2.9847601431391984
Fish - frozen,3. North West,0.4025857222670133,0.08263843564380967,0.20526916647332086,0.24061438840514635,0.5645570561288802
Fish - smoked,3. North West,0.12351158044488265,0.04052036594004981,0.32806936640351814,0.04409166320238503,0.20293149768738028
Fresh milk,3. North West,1.9827731621751388,0.4529408314896302,0.22843804835079862,1.0950091324554636,2.870537191894814
Fresh pepper,3. North West,2.4241745112020183,0.22978404490974924,0.09478857394462564,1.9737977831789097,2.8745512392251267
Fruit juice,3. North West,0,0,NA,0,0
Garden eggs/Eggplant,3. North West,0.25303925276422257,0.07749176423476827,0.30624404470152977,0.10115539486407676,0.40492311066436837
Gari - white,3. North West,3.763415322030624,0.5029243418722738,0.1336350890979822,2.777683611960968,4.74914703210028
Gari - yellow,3. North West,1.3537178677495116,0.4040792275339702,0.2984958957553923,0.5617225817829301,2.145713153716093
Gin,3. North West,0,0,NA,0,0
Goat,3. North West,0.2517269705046822,0.048984802188856286,0.19459496966355125,0.15571675821452385,0.3477371827948405
Ground pepper,3. North West,0.08135226396706907,0.010869882323833647,0.13361499476196154,0.060047294612355126,0.10265723332178302
Groundnut oil,3. North West,2.7341580506280305,0.15329176241098125,0.05606543571092038,2.4337061963025075,3.0346099049535535
Groundnuts - shelled,3. North West,0.4943142734502739,0.12321358482990982,0.24926163667071335,0.2528156471836507,0.7358128997168971
Groundnuts - unshelled,3. North West,0.3665390179259798,0.11772287621106044,0.3211742009818824,0.13580218055230137,0.5972758552996582
Guava,3. North West,0.02875115482826654,0.017672457678180584,0.6146694901036116,0,0.06338917187750048
Guinea corn / sorghum,3. North West,46.929624221485426,3.378355807888893,0.0719877020950491,40.308046838023195,53.55120160494766
Honey,3. North West,0.011526159344468129,0.0062739828677526215,0.5443255363950664,0,0.023823165765263266
Kola nut,3. North West,0.17776223439967515,0.027499085134390824,0.15469587917399105,0.12386402753626913,0.23166044126308116
Leaves,3. North West,1.4861362238964912,0.27144602941765045,0.1826521856158972,0.9541020062378964,2.0181704415550863
Local eggs,3. North West,0.0676396752319777,0.03051813790224038,0.45118693721658293,0.007824124943586551,0.12745522552036884
Maize - shelled/off cob,3. North West,12.325131707695801,1.5054059969697713,0.12214116917142534,9.37453595363505,15.275727461756553
Maize - unshelled/on cob,3. North West,0.07599531340679032,0.05250392336756026,0.6908837007686969,0,0.17890300320720842
Maize flour,3. North West,9.187902229350993,1.6867482664091609,0.18358361074204727,5.881875627189038,12.493928831512948
Malt drinks,3. North West,0.09923046790784708,0.03203427659356903,0.32282702348353814,0.03644328578445179,0.16201765003124236
Mangoes,3. North West,0.32687959103324843,0.17415071480556968,0.5327671704895641,0,0.668214992052165
Meat pie/Sausage roll,3. North West,0.0024195718025618955,0.0018414821837568988,0.7610777170601415,0,0.006028876882725417
Melon - ground,3. North West,0.00681404016624702,0.0033475130136831847,0.4912669916835697,2.529146594279783e-4,0.013375165673066063
Melon - shelled,3. North West,0.002388436335925789,0.001522338426985637,0.637378691693517,0,0.005372219652817638
Melon - unshelled,3. North West,1.409335162007362e-4,1.427043085055826e-4,1.0125647351501839,0,4.2063396087167813e-4
Milk - tinned,3. North West,0.006634858542779563,0.005849169145265908,0.8815815902558032,0,0.018099230067500742
Milk powder,3. North West,0.09653927608975209,0.017040589056369394,0.1765145725821151,0.06313972153926808,0.1299388306402361
Millet,3. North West,21.819126546455372,2.420894806504919,0.11095287436692582,17.07417272570573,26.564080367205015
Mutton,3. North West,0.2164619898315461,0.07413968013809621,0.34250669226404507,0.07114821676087751,0.3617757629022147
Ogbono - ground,3. North West,0.002422049224211915,0.0017327934175631022,0.7154245257451023,0,0.005818324322635595
Ogbono - unground,3. North West,0,0,NA,0,0
Okra - dried,3. North West,0.3893106688752078,0.047848558670912165,0.12290584999675376,0.29552749388022,0.48309384387019566
Okra - fresh,3. North West,0.47045137061615805,0.08543088084378844,0.1815934359632074,0.3030068441623327,0.6378958970699834
Onions,3. North West,5.360689571105317,0.2853892002208123,0.05323740470985119,4.8013267386725245,5.920052403538109
Orange/Tangerine,3. North West,2.984802684152586,0.39511695430158955,0.1323762392735073,2.2103734537214703,3.7592319145837014
Other alcoholic beverages,3. North West,0,0,NA,0,0
Other domestic poultry,3. North West,0.01262461458218581,0.012620073782835976,0.9996403217444562,0,0.03735995919654432
Other eggs,3. North West,0,0,NA,0,0
Other fish/seafood,3. North West,0,0,NA,0,0
Other fruits,3. North West,0,0,NA,0,0
Other grains/flour,3. North West,0.4326204612375227,0.10875003861274105,0.2513751621956543,0.21947038555655024,0.6457705369184952
Other meat,3. North West,0.018663164434092768,0.014692846419322763,0.7872644787120204,0,0.047461143415965384
Other non-alcoholic drinks,3. North West,0,0,NA,0,0
Other nuts/seeds/pulses,3. North West,0,0,NA,0,0
Other oil/fat,3. North West,0.020152057524451147,0.014323982982539316,0.7107950622490811,0,0.04822706417022821
Other spices,3. North West,0.8343718938856103,0.04235711502261101,0.05076527065809582,0.7513519484412927,0.9173918393299278
Other vegetables,3. North West,0.03357064250519748,0.01606966118825074,0.47868196701218335,0.0020741065762260313,0.06506717843416893
Palm oil,3. North West,3.5038543798897837,0.2035097031479396,0.05808166695396204,3.104975361719822,3.902733398059745
Palm wine,3. North West,0.0789065397110031,0.049294084662752397,0.6247148188641023,0,0.1755229456499978
Pawpaw,3. North West,0.2888126419361025,0.07881487164862387,0.27289273461256947,0.13433549350479973,0.4432897903674053
Pineapples,3. North West,0.3957421172806504,0.1821519565987518,0.4602794310861136,0.03872428234709685,0.7527599522142039
Pito,3. North West,0.030580558179691835,0.03096479479396443,1.0125647351501832,0,0.09127155597586212
Plantains,3. North West,0.28775808895083255,0.15850487855685663,0.550826839081279,0,0.5984276509222715
Pork,3. North West,7.437862461850353e-4,7.531317233766989e-4,1.0125647351501827,0,0.0022199244240033653
Potatoes,3. North West,0.20477750847962106,0.08928004482832465,0.43598559964513667,0.029788620616104766,0.37976639634313736
Rice - imported,3. North West,0.41751466533457054,0.1701885749612194,0.4076229869071563,0.08394505841058053,0.7510842722585606
Rice - local,3. North West,24.604320482336707,1.6383792614095511,0.06658908798500385,21.393097129973988,27.815543834699426
Sachet water,3. North West,25.865749122091437,5.455882167840557,0.21093076183827955,15.172220073123944,36.55927817105893
Salt,3. North West,1.331615721714753,0.0494920978970215,0.03716695221447923,1.234611209836591,1.4286202335929152
Seafood,3. North West,0,0,NA,0,0
Snails,3. North West,0,0,NA,0,0
Soft drinks,3. North West,1.2871310891467558,0.2893691011389134,0.22481711736971352,0.7199676509144856,1.8542945273790261
Soya beans,3. North West,2.310605822625169,0.5497650502539803,0.23793112822219534,1.2330663241273678,3.3881453211229706
Sugar,3. North West,1.9101107006947473,0.18019562545344725,0.09433779172479706,1.5569272748059908,2.263294126583504
Sweet potatoes,3. North West,5.559521136919098,0.7602304396303677,0.13674387072330876,4.069469475243578,7.049572798594619
Tea,3. North West,0.07580724869544371,0.016382050149140705,0.21610136802294114,0.04369843040312793,0.10791606698775949
Tomato puree - canned,3. North West,0.012737099451908726,0.005150756070694775,0.40439003323656275,0.002641617553346968,0.022832581350470484
Tomatoes,3. North West,5.583609021633736,0.3950577324565515,0.07075311522097935,4.8092958660188945,6.357922177248577
Watermelon,3. North West,9.783273218531379,1.4355676586129706,0.14673694851879765,6.9695606076499566,12.596985829412802
Wheat flour,3. North West,1.5756617072214605,0.6302929309752612,0.40001792776110984,0.3402875625099486,2.8110358519329726
White beans,3. North West,7.32990255914245,0.4435644430257281,0.060514371022910594,6.460516250812023,8.199288867472877
Wild game/Bush meat,3. North West,0.07628476552719315,0.06229881582647868,0.8166613005354402,0,0.19839044454709137
Yam flour,3. North West,0.01750173852639054,0.015137216609849801,0.8648978835459504,0,0.047170683081696155
Yam roots,3. North West,5.531388418965553,0.9225792854678909,0.16678982121462124,3.723133019448486,7.339643818482619
Agricultural eggs,4. South East,0.5346191834814444,0.1323993172382153,0.24765163938942458,0.2751165216945425,0.7941218452683464
Animal fat,4. South East,0,0,NA,0,0
Apples,4. South East,0.1256761770264058,0.044995511600136096,0.35802737372160914,0.03748497429013904,0.21386737976267256
Avocado pear,4. South East,0.8356808140383731,0.16151633960566997,0.1932751558877519,0.51910878841126,1.1522528396654863
Baby milk powder,4. South East,0.03627127925906992,0.015696024468513935,0.4327397541289923,0.005507071300782609,0.06703548721735723
Bananas,4. South East,3.668104934375652,0.4019060649823098,0.10956776650958003,2.880369047010325,4.4558408217409795
Beef,4. South East,4.243230868913182,0.3009710794470256,0.07092969690902379,3.6533275531970117,4.833134184629352
Beer,4. South East,1.2187950514455472,0.2854485306358273,0.23420552150853596,0.6593159313993256,1.778274171491769
Biscuits,4. South East,0.37510531197770874,0.053316745352282854,0.14213807069586712,0.27060449108723433,0.47960613286818315
Bottled water,4. South East,1.564603805563971,0.9878919578222835,0.6314007126335678,0,3.5008720428956464
Bread,4. South East,6.8745595692744175,0.6447920589062883,0.0937939445296484,5.610767133818093,8.138352004730743
Brown beans,4. South East,1.6604733100015852,0.33923483472385363,0.2043000828020113,0.995573033942832,2.3253735860603384
Buns/Pofpof/Donuts,4. South East,0.23210237719460053,0.03921251103598624,0.16894489194787296,0.1552458555640675,0.30895889882513355
Butter/Margarine,4. South East,8.876321703124375e-4,8.843939070411947e-4,0.9963517959583382,0,0.002621044228113179
Cake,4. South East,0.005955892876780069,0.0059752257440217485,1.0032460065420337,0,0.017667335335062696
Canned fish/seafood,4. South East,0,0,NA,0,0
Cashew nut,4. South East,0.025117388632943896,0.009013564314849778,0.3588575407487868,0.007450802575838331,0.042783974690049464
Cassava flour,4. South East,2.3401906816220155,0.6525057235251989,0.278825878869383,1.0612794635126257,3.6191018997314055
Cassava roots,4. South East,63.48127408814769,10.974580057663411,0.17287901377695294,41.97109717512741,84.99145100116797
Cheese/wara,4. South East,0,0,NA,0,0
Chicken,4. South East,0.5995048466125369,0.12773180181889165,0.21306216712113651,0.34915051504750927,0.8498591781775645
Chocolate drinks,4. South East,0.5101710196435327,0.060341311011638546,0.11827663408595865,0.3919020500607212,0.6284399892263443
Coconut,4. South East,1.5454399039778726,0.14659563222444136,0.09485689598612843,1.2581124648179676,1.8327673431377776
Cocoyam,4. South East,6.397055384992986,0.7647831140831886,0.11955236715275479,4.898080481389936,7.896030288596036
Coffee,4. South East,7.831937601897032e-4,2.830949704889736e-4,0.3614622394596237,2.28327618031315e-4,0.0013380599023480916
Dry pepper,4. South East,0.20156848846997905,0.032181281011519215,0.15965432521617678,0.13849317768740138,0.2646437992525567
Duck,4. South East,0,0,NA,0,0
Fish - dried,4. South East,1.9233798671851206,0.2044989029751369,0.10632268043567619,1.5225620173538523,2.3241977170163888
Fish - fresh,4. South East,1.1642855009581397,0.2666966774770686,0.2290646729325347,0.6415600131030852,1.6870109888131941
Fish - frozen,4. South East,2.0432350716898244,0.2535479872540966,0.12409144242243447,1.546281016671795,2.540189126707854
Fish - smoked,4. South East,1.1606107467351356,0.14500163846899627,0.1249356331370308,0.8764075353359029,1.4448139581343684
Fresh milk,4. South East,0,0,NA,0,0
Fresh pepper,4. South East,2.820310914176997,0.27692686046439985,0.09819018856125325,2.2775342676667734,3.3630875606872204
Fruit juice,4. South East,0.3404751380869611,0.18726612745889204,0.5500141023837758,0,0.7075167479063895
Garden eggs/Eggplant,4. South East,0.87938475360883,0.13093536482833745,0.14889428579584,0.6227514385452886,1.1360180686723713
Gari - white,4. South East,11.303551006936209,0.9318446524121742,0.08243822245242804,9.477135488208347,13.12996652566407
Gari - yellow,4. South East,7.7641837342727396,1.0983521143894963,0.14146395190793065,5.611413590069327,9.916953878476152
Gin,4. South East,0.023022703513357185,0.01496221317332008,0.6498894955859283,0,0.05234864133306454
Goat,4. South East,0.26870838225061866,0.1001736520825289,0.37279690065306204,0.07236802416886201,0.4650487403323753
Ground pepper,4. South East,0.1907155235799033,0.023649805654913467,0.12400566671755488,0.1443619044962729,0.23706914266353368
Groundnut oil,4. South East,4.611100889506708,2.056547466094912,0.4459992343205746,0.5802678559606802,8.641933923052736
Groundnuts - shelled,4. South East,0.8678762292783269,0.10176677374404537,0.11725954728437307,0.6684133527399979,1.0673391058166557
Groundnuts - unshelled,4. South East,0.39337321937742004,0.09896028610479958,0.2515684373771581,0.19941105861201286,0.5873353801428272
Guava,4. South East,0.6329120363529801,0.1285338066500935,0.20308320788263406,0.38098577531879685,0.8848382973871634
Guinea corn / sorghum,4. South East,0.11483751081705615,0.11508805745684168,1.0021817491340845,0,0.3404101034324658
Honey,4. South East,0.02074800929875202,0.009691727956419816,0.4671160407183144,0.0017522225041691833,0.03974379609333486
Kola nut,4. South East,0.05900404196356214,0.018331722916204475,0.310685883647178,0.023073865047801366,0.094934218879322907
Leaves,4. South East,8.116923939079443,0.6374272627194015,0.07853064381328839,6.8675665041494165,9.366281374009471
Local eggs,4. South East,0.055107521762125695,0.014858585635438784,0.2696289936531095,0.02598469391666568,0.08423034960758571
Maize - shelled/off cob,4. South East,0.20927895045974426,0.1309180138920772,0.6255670415226965,0,0.46587825768821556
Maize - unshelled/on cob,4. South East,0.020192511393871227,0.020097574176084963,0.9952983947397905,0,0.05958375677899776
Maize flour,4. South East,0.33936566320706113,0.1310229262360591,0.3860818593073647,0.08256072778438528,0.596170598629737
Malt drinks,4. South East,1.4953914267133368,0.22631350070666978,0.1513406434354619,1.051816965328264,1.9389658880984095
Mangoes,4. South East,1.7253276174291112,0.43545571247734405,0.2523901594563304,0.8718344209735169,2.5788208138847057
Meat pie/Sausage roll,4. South East,0.07472780392509729,0.020404086246367994,0.2730454419190458,0.034735794882216016,0.11471981296797856
Melon - ground,4. South East,0.23738453015118843,0.062558122187543,0.2635307454436909,0.11477061066360415,0.3599984496387727
Melon - shelled,4. South East,0.9969392500822397,0.13419556529163953,0.13460756538632565,0.7339159421106263,1.2599625580538532
Melon - unshelled,4. South East,0.07542575929395527,0.019685510490976353,0.2609918769827217,0.03684215873164162,0.11400935985626892
Milk - tinned,4. South East,0.07888237384371252,0.028096504133836322,0.3561822846445158,0.02381322574139333,0.13395152194603172
Milk powder,4. South East,0.6293767070565999,0.06912033403423141,0.10982347020353808,0.4939008523495063,0.7648525617636934
Millet,4. South East,0.027827554915961,0.020661005023104865,0.7424656993940337,0,0.06832312476124652
Mutton,4. South East,0.010470179765534274,0.0104209531132733,0.9952983947397906,0,0.030895247867549942
Ogbono - ground,4. South East,0.06195351646014362,0.013045256999716147,0.21056523899024385,0.036384812740699976,0.08752222017958726
Ogbono - unground,4. South East,0.3284327006551082,0.04379182419296048,0.1333357613465746,0.24260072523690568,0.41426467607331074
Okra - dried,4. South East,0.1039177816777723,0.03155821604545713,0.3036844660840883,0.04206367822867632,0.16577188512686827
Okra - fresh,4. South East,2.3660761648781694,0.2029045382707033,0.08575570866339839,1.968383269867591,2.7637690598887477
Onions,4. South East,6.444291197712543,0.24962880229535045,0.03873642494367082,5.955018745213656,6.93356365021143
Orange/Tangerine,4. South East,3.0568536835705817,0.4153177629892419,0.13586445606520714,2.2428308681116675,3.870876499029496
Other alcoholic beverages,4. South East,0.0018149144381811094,0.0018304089001091406,1.008537296085186,0,0.005402515882395025
Other domestic poultry,4. South East,0,0,NA,0,0
Other eggs,4. South East,0,0,NA,0,0
Other fish/seafood,4. South East,0.0089685930043714,0.003619978981270258,0.4036284152381357,0.001873434201081694,0.016063751807661106
Other fruits,4. South East,0,0,NA,0,0
Other grains/flour,4. South East,0.03144002769214368,0.024511438200453137,0.7796252102722583,0,0.07948244656503183
Other meat,4. South East,0.0018528380539588108,0.0018441267408180022,0.9952983947397908,0,0.005467326465962095
Other non-alcoholic drinks,4. South East,0,0,NA,0,0
Other nuts/seeds/pulses,4. South East,0.046496481811341424,0.02695201554487389,0.5796570943632073,0,0.09932243227929424
Other oil/fat,4. South East,0,0,NA,0,0
Other spices,4. South East,0.3847679939825273,0.03639948845078301,0.09460113372225015,0.3134249966189926,0.45611099134606203
Other vegetables,4. South East,0.02040904902689101,0.014664229001957201,0.7185160358346722,0,0.04915093787072712
Palm oil,4. South East,5.46169465463862,0.27499040990921114,0.050348916828527136,4.922713451216566,6.000675858060674
Palm wine,4. South East,0.35911593756850585,0.10696652184965388,0.2978606924936287,0.14946155474318423,0.5687703203938275
Pawpaw,4. South East,13.856753348557461,1.6756283801743959,0.12092503474840555,10.572521723415646,17.140984973699275
Pineapples,4. South East,1.5183205076502404,0.7587182152758384,0.4997088634797103,0.03123280570959719,3.0054082095908834
Pito,4. South East,0,0,NA,0,0
Plantains,4. South East,8.109797966963862,0.9052755124096233,0.11162738160646676,6.335457962641001,9.884137971286723
Pork,4. South East,0.0869111093682497,0.03701658026066395,0.42591310282120065,0.014358612057348355,0.15946360667915105
Potatoes,4. South East,0,0,NA,0,0
Rice - imported,4. South East,2.6599911068087794,1.4390318869199987,0.5409912398716329,0,5.4804936051719775
Rice - local,4. South East,25.950459868245073,1.1994289395755597,0.0462199493059185,23.599579146676977,28.30134058981317
Sachet water,4. South East,57.53012114179316,11.195816742396573,0.1946079118241817,35.586320326695876,79.47392195689045
Salt,4. South East,1.039567002381631,0.06510102055582621,0.06262320793819046,0.9119690020922117,1.1671650026710503
Seafood,4. South East,0.144618694321011,0.0275026610408378,0.19017362291897047,0.0907134786809689,0.19852390996105307
Snails,4. South East,0.03717924779383236,0.029416710762138632,0.7912131769115176,0,0.09483600088762408
Soft drinks,4. South East,3.597286223329103,0.4188975971790022,0.11644822546017315,2.7762469328582586,4.418325513799948
Soya beans,4. South East,0.10486133975242261,0.043487847819943755,0.4147176444876488,0.01962515802533285,0.19009752147951237
Sugar,4. South East,0.7419884238704798,0.057507196134709566,0.07750416891240869,0.6292743194464491,0.8547025282945105
Sweet potatoes,4. South East,2.5384824005772506,0.834991949966232,0.3289335194037016,0.9018981786434359,4.175066622511065
Tea,4. South East,0.08384071578431014,0.03059555195163701,0.3649247464721983,0.023873433959101603,0.14380799760951868
Tomato puree - canned,4. South East,2.286245939942572,0.1202501444372258,0.05259720414866931,2.050555656845609,2.5219362230395346
Tomatoes,4. South East,6.138239032463038,0.3802313126232971,0.06194468977379087,5.392985659721376,6.8834924052047
Watermelon,4. South East,3.476150881589523,0.866390581673275,0.2492384856658192,1.7780253415099039,5.174276421669141
Wheat flour,4. South East,0.22635265056483173,0.13323083351922732,0.5885985129255973,0,0.48748508426251724
White beans,4. South East,8.232220214919236,0.5364505672717085,0.06516474939524822,7.180777103066688,9.283663326771785
Wild game/Bush meat,4. South East,0.3748628981786953,0.1716611530489773,0.4579304964108432,0.03840703820269975,0.7113187581546908
Yam flour,4. South East,0.09104684104330392,0.04623571474512258,0.5078233820669499,4.248401428636611e-4,0.18166884194374416
Yam roots,4. South East,71.71365540645274,6.303399262000322,0.08789677818365882,59.35899285293212,84.06831795997337
Agricultural eggs,5. South South,1.2966904066943516,0.18004725704540658,0.13885138358075805,0.9437977828853548,1.6495830305033485
Animal fat,5. South South,0,0,NA,0,0
Apples,5. South South,0.22820067111772555,0.07128073777148522,0.31235989544795195,0.08849042508561453,0.3679109171498366
Avocado pear,5. South South,0.3037855363679717,0.0926811250157778,0.3050873524917075,0.12213053133704718,0.48544054139889614
Baby milk powder,5. South South,0.09402287949198146,0.02915639300978319,0.3100989160012881,0.036876349192806405,0.1511694097911565
Bananas,5. South South,9.703262208424212,1.201700907518862,0.12384504115281614,7.347928429687242,12.058595987161182
Beef,5. South South,4.823140386126723,0.49709821640176605,0.10306525968674247,3.8488278819792616,5.797452890274185
Beer,5. South South,1.336366264877223,0.2953332802739315,0.22099725803918352,0.7575130355403172,1.9152194942141287
Biscuits,5. South South,0.9291588420424581,0.11129783314398058,0.11978343003154114,0.7110150890802562,1.14730259500466
Bottled water,5. South South,3.2854131033236458,1.0622527473418126,0.3233239516416363,1.2033977185336933,5.367428488113598
Bread,5. South South,11.474796274606376,0.823969070869252,0.0718068583659902,9.859816895702643,13.08977565351011
Brown beans,5. South South,3.1043064587415703,0.633076989929945,0.2039350812633953,1.8634755584788782,4.345137359004262
Buns/Pofpof/Donuts,5. South South,0.3372566146090198,0.06918713966607595,0.20514687234906961,0.20164982086351094,0.47286340835452867
Butter/Margarine,5. South South,0.06899538263030108,0.03260551025332201,0.4725752508400826,0.005088582533789937,0.13290218272681223
Cake,5. South South,0.2216631821382603,0.07260985166151718,0.32756838984756376,0.07934787288168665,0.36397849139483396
Canned fish/seafood,5. South South,0.01032464155530763,0.007301203129204758,0.7071628676010935,0,0.024634999688548955
Cashew nut,5. South South,0.006088555456702845,0.0028335573314930904,0.4653907403230841,5.347830869763875e-4,0.011642327826429301
Cassava flour,5. South South,0.9041897474993469,0.29686129019011814,0.32831746987966437,0.3223416187267153,1.4860378762719786
Cassava roots,5. South South,56.909186186071935,24.5536028234059,0.43145236242044865,8.784124652196375,105.0342477199475
Cheese/wara,5. South South,0,0,NA,0,0
Chicken,5. South South,1.1898573110838115,0.26243415089001604,0.22055934644043265,0.6754863753393802,1.7042282468282428
Chocolate drinks,5. South South,0.587479774516679,0.07870539464458755,0.13397124132373522,0.4332172010132874,0.7417423480200706
Coconut,5. South South,2.7444403128967387,0.45420357336197564,0.16549952688989863,1.8542013091072664,3.634679316686211
Cocoyam,5. South South,3.7275379137034728,0.6775528969029304,0.1817695520713703,2.3995342357737295,5.055541591633216
Coffee,5. South South,0.0022618630529559302,7.999398513462968e-4,0.35366413996678103,6.939809443171885e-4,0.003829745161594672
Dry pepper,5. South South,0.446125461051199,0.057773847997595405,0.12950134668723842,0.332888718975912,0.559362203126486
Duck,5. South South,0,0,NA,0,0
Fish - dried,5. South South,2.517537704934247,0.233115021074744,0.09259643683502747,2.0606322636277485,2.9744431462407452
Fish - fresh,5. South South,11.38926868188694,3.2036655899489035,0.2812880861300508,5.110084125587089,17.66845323818679
Fish - frozen,5. South South,3.078755863209317,0.32743724176161276,0.10635375336980758,2.436978869356556,3.720532857062078
Fish - smoked,5. South South,3.0067962391953222,0.34950442704951146,0.11623814826343062,2.32176756217828,3.6918249162123646
Fresh milk,5. South South,0.15847791763697439,0.06623607189709729,0.41795142745896224,0.028655216718663695,0.2883006185552851
Fresh pepper,5. South South,4.201974090551997,0.27175536980072285,0.06467326164903206,3.66933356574258,4.734614615361414
Fruit juice,5. South South,0.13007915464125872,0.05102996925452202,0.39229936107177205,0.030060414902395555,0.23009789438012188
Garden eggs/Eggplant,5. South South,0.584598465011035,0.14840477206310776,0.25385761500469634,0.2937251117673438,0.8754718182547261
Gari - white,5. South South,17.071632695594538,3.3014682801781357,0.193389135008165,10.600754866445392,23.542510524743683
Gari - yellow,5. South South,24.649972575975024,2.4066163417499498,0.09763160321304157,19.93300454614512,29.366940605804928
Gin,5. South South,0.12240292318998845,0.04482442466466498,0.36620387402913956,0.0345470508472451,0.2102587955327318
Goat,5. South South,1.0574973983449225,0.19691869620007413,0.18621199116732523,0.6715367537927772,1.4434580428970678
Ground pepper,5. South South,0.5798385919094187,0.059866549855028546,0.1032469219716593,0.4625001541935627,0.6971770296252746
Groundnut oil,5. South South,3.2927736517364887,0.36941544288015793,0.11218974698893794,2.5687193836913793,4.016827919781599
Groundnuts - shelled,5. South South,1.6683266937254688,0.1551556411960169,0.09300075445627828,1.3642216369812756,1.972431750469662
Groundnuts - unshelled,5. South South,0.6904299696059778,0.13301901687236128,0.19266112817824818,0.4297126965361497,0.9511472426758059
Guava,5. South South,1.8028726701590099,0.6799071137737746,0.37712431112165457,0.4702547271624118,3.135490613155608
Guinea corn / sorghum,5. South South,0.394850357224839,0.3421554031510258,0.8665444943644632,0,1.0654749474008496
Honey,5. South South,0.06514254031156791,0.030077115993744942,0.46171235954094186,0.006191392963827827,0.12409368765930799
Kola nut,5. South South,0.02662187778827583,0.005971996319745881,0.22432663718319393,0.014916765001573903,0.03832699057497775
Leaves,5. South South,8.74963998985796,0.8640389073798108,0.09875136672838554,7.05612373139353,10.443156248322389
Local eggs,5. South South,0.12306834171655076,0.044379620208235444,0.3606095571714938,0.03608428610840929,0.21005239732469222
Maize - shelled/off cob,5. South South,0.15583697801757038,0.07487975788861914,0.48050057721330147,0.009072652555876859,0.3026013034792639
Maize - unshelled/on cob,5. South South,0.11134042605763446,0.05777899229657692,0.5189399245397902,0,0.22458725095892523
Maize flour,5. South South,0.07407058262980236,0.04746972542256656,0.6408715003608879,0,0.16711124445803283
Malt drinks,5. South South,1.7623467152577794,0.25124006722641445,0.14255995432185173,1.2699161834940071,2.254777247021552
Mangoes,5. South South,2.2234827627193012,0.7539809119412315,0.33909905873033125,0.7456801753144875,3.701285350124115
Meat pie/Sausage roll,5. South South,0.2582840629788861,0.058781505116587876,0.22758471598533384,0.14307231295037387,0.37349581300739837
Melon - ground,5. South South,0.6038567484295682,0.06496701024171299,0.10758679175263125,0.4765214083558107,0.7311920885033256
Melon - shelled,5. South South,1.04387790778278,0.11510195063107229,0.11026380553981778,0.8182780845458784,1.2694777310196816
Melon - unshelled,5. South South,0.03592113418083794,0.01984616033835388,0.5524925866327678,0,0.07481960844401155
Milk - tinned,5. South South,0.15798217654323107,0.05384191067310789,0.3408100321897661,0.05245203162393962,0.2635123214625225
Milk powder,5. South South,0.6035230741886173,0.05821998822148119,0.0964668804084297,0.4894118972745142,0.7176342511027204
Millet,5. South South,0.6746526324898318,0.5690455348233534,0.843464484416623,0,1.7899818807436043
Mutton,5. South South,0.0376202520827109,0.03036007671603946,0.8070141754842735,0,0.09712600244614825
Ogbono - ground,5. South South,0.22505124013452796,0.038331980736860984,0.17032556991886574,0.14992055789028041,0.3001819223787755
Ogbono - unground,5. South South,0.17982780767272058,0.023470224427183925,0.13051498948315488,0.1338261677954401,0.22582944755000106
Okra - dried,5. South South,0.03741231748766432,0.017283463122938773,0.46197253427664614,0.0035367297667043274,0.07128790520862431
Okra - fresh,5. South South,4.0929030309810495,0.33936063528468413,0.08291440884768311,3.4277561858230685,4.75804987613903
Onions,5. South South,7.840147093665256,0.3307124969566415,0.0421819250335052,7.191950599630239,8.488343587700273
Orange/Tangerine,5. South South,5.42715417018583,1.1923745824774368,0.21970530872842498,3.0900999885300537,7.764208351841606
Other alcoholic beverages,5. South South,0,0,NA,0,0
Other domestic poultry,5. South South,0,0,NA,0,0
Other eggs,5. South South,0,0,NA,0,0
Other fish/seafood,5. South South,0,0,NA,0,0
Other fruits,5. South South,0,0,NA,0,0
Other grains/flour,5. South South,0.07586319948579877,0.05041158906867827,0.6645064986761477,0,0.17466991406040816
Other meat,5. South South,0,0,NA,0,0
Other non-alcoholic drinks,5. South South,0.04080322277346945,0.04112628304466825,1.007917518500741,0,0.12141073754101922
Other nuts/seeds/pulses,5. South South,0.014464937466317227,0.014503728350608433,1.0026817180773533,0,0.04289224503350975
Other oil/fat,5. South South,0.005446793186641878,0.0054991664284337475,1.0096154269121715,0,0.016225159386372024
Other spices,5. South South,0.4406936749301494,0.04393097772182421,0.09968597286717885,0.3545889585953739,0.5267983912649248
Other vegetables,5. South South,0.047377831878717275,0.04777182069519825,1.008315889538583,0,0.14101060044130587
Palm oil,5. South South,7.051931249203925,0.41797898821503526,0.05927156312850042,6.232692432302455,7.871170066105394
Palm wine,5. South South,2.0364987610059067,0.611791356104113,0.30041332104809393,0.8373877030418453,3.235609818969968
Pawpaw,5. South South,8.239268308251312,1.1030125286019359,0.1338726313230158,6.077363752191517,10.401172864311107
Pineapples,5. South South,3.598659275016247,0.6430747840777189,0.1786984359820549,2.3382326982239183,4.859085851808576
Pito,5. South South,0,0,NA,0,0
Plantains,5. South South,23.663617431290515,1.7929782492357478,0.0757694065348134,20.14938006278845,27.17785479979258
Pork,5. South South,0.4816651044349191,0.17790691832888164,0.36935812183778366,0.13296754451031112,0.8303626643595271
Potatoes,5. South South,0,0,NA,0,0
Rice - imported,5. South South,2.159418319453826,0.4320207842579163,0.20006349875145346,1.3126575823083102,3.006179056599342
Rice - local,5. South South,28.85428907471622,1.7791404391455377,0.06165947927320525,25.367173813990966,32.341404335441474
Sachet water,5. South South,110.26523646112385,12.719115414680653,0.1153501849076887,85.33577024834977,135.19470267389792
Salt,5. South South,1.4858656260639544,0.18694476876230284,0.1258153937227271,1.119453879289841,1.852277372838068
Seafood,5. South South,0.5138040203292857,0.08960574640898046,0.17439674051509776,0.33817675736768404,0.6894312832908874
Snails,5. South South,0.14652102650107715,0.07992447670730464,0.5454812774377954,0,0.30317300084739424
Soft drinks,5. South South,4.581845724592285,0.45107424995872325,0.09844815322734639,3.697740194673188,5.465951254511383
Soya beans,5. South South,0.05341758648420661,0.04472605444422002,0.8372908135309274,0,0.14108065319487784
Sugar,5. South South,0.779560956925707,0.10041470513923466,0.1288093050930003,0.5827481348528071,0.976373778998607
Sweet potatoes,5. South South,3.5386031139910776,0.8715830881610851,0.2463071048332556,1.830300261195351,5.246905966786804
Tea,5. South South,0.026544185794167546,0.00957440301276277,0.36069680520645386,0.007778355889152516,0.045310015699182575
Tomato puree - canned,5. South South,1.414847597845745,0.11213028966172807,0.0792525568354205,1.1950722301087582,1.634622965582732
Tomatoes,5. South South,5.817661540176415,0.7345222486796813,0.12625730177101496,4.37799793276424,7.25732514758859
Watermelon,5. South South,4.611901228445208,1.0408763632929152,0.2256935506062045,2.5717835563910945,6.652018900499321
Wheat flour,5. South South,0.27980755606069013,0.11457968840198991,0.40949461842673623,0.05523136679278992,0.5043837453285903
White beans,5. South South,13.78100170510661,1.039294854271558,0.07541504431324778,11.743983790734354,15.818019619478864
Wild game/Bush meat,5. South South,0.4285366226567756,0.14633641939263858,0.3414793780876988,0.14171724064720398,0.7153560046663472
Yam flour,5. South South,0.9419369337961745,0.6435840617125972,0.6832560000793665,0,2.203361694752865
Yam roots,5. South South,49.74728137070903,4.924960388671677,0.09899958857995947,40.09435900891255,59.40020373250552
Agricultural eggs,6. South West,1.3069987526467959,0.1594749553233152,0.12201614959491229,0.9944278402130982,1.6195696650804936
Animal fat,6. South West,0,0,NA,0,0
Apples,6. South West,0.4120986547595413,0.07049166006520939,0.1710553025375468,0.27393500103173096,0.5502623084873517
Avocado pear,6. South West,0.16479562838876366,0.0755566684505157,0.45848709209853905,0.016704558225752897,0.3128866985517744
Baby milk powder,6. South West,0.03829395090377889,0.02554723967774268,0.6671351238198211,0,0.08836654067215455
Bananas,6. South West,5.716303538091996,0.8367612490855042,0.14638152846669875,4.076251489884408,7.356355586299584
Beef,6. South West,3.5147017158932226,0.46218155084572116,0.13149950926298246,2.608825876235609,4.420577555550836
Beer,6. South West,0.4207735155784706,0.1843558429549544,0.43813556730514724,0.05943606338675994,0.7821109677701812
Biscuits,6. South West,0.2925733122683283,0.04091085292915068,0.13983111655662575,0.21238804052719296,0.3727585840094636
Bottled water,6. South West,5.9030615081804445,2.0031810551731315,0.33934612614100823,1.9768266400411068,9.829296376319782
Bread,6. South West,9.914671100683256,0.6368889426619623,0.06423702170191727,8.666368773065809,11.162973428300702
Brown beans,6. South West,11.061225375773066,1.129113077455773,0.10207848037603695,8.848163743959752,13.27428700758638
Buns/Pofpof/Donuts,6. South West,0.27572717839902383,0.040705272245850334,0.14762879917097954,0.19594484479715718,0.3555095120008905
Butter/Margarine,6. South West,0.021306779595271604,0.008550096327202404,0.40128524768237805,0.004548590793954893,0.038064968396588315
Cake,6. South West,0.09592204703412431,0.031647867820476794,0.32993319887364425,0.0338922261059898,0.15795186796225882
Canned fish/seafood,6. South West,0,0,NA,0,0
Cashew nut,6. South West,0.009877051995279879,0.005359180132168991,0.5425890371671707,0,0.020381045054331103
Cassava flour,6. South West,6.7614905784277335,0.839824575481941,0.12420701703872336,5.115434410483129,8.407546746372338
Cassava roots,6. South West,4.223194824786722,1.7903169942464787,0.4239247935564736,0.7141735160636236,7.73221613350982
Cheese/wara,6. South West,0.17400379943338262,0.07548805217434185,0.43382990727879167,0.026047217171672604,0.32196038169509267
Chicken,6. South West,1.7139127234220999,0.3986793184969841,0.23261354738119763,0.932501259168011,2.495324187676189
Chocolate drinks,6. South West,0.2613876103357829,0.02900448385233749,0.11096349905444196,0.2045388219852014,0.3182363986863644
Coconut,6. South West,0.4824467830685786,0.2560213965366077,0.5306728234525608,0,0.9842487202803297
Cocoyam,6. South West,3.034177118601325,0.478992820413642,0.15786580733113068,2.095351190590587,3.973003046612063
Coffee,6. South West,0.0022571025299407675,0.0010067391167616446,0.446031628340811,2.838938610879439e-4,0.0042303111987935915
Dry pepper,6. South West,0.085310937532601,0.015829737061796436,0.1855534298371438,0.054284652891479976,0.11633722217372201
Duck,6. South West,0,0,NA,0,0
Fish - dried,6. South West,0.956455379037525,0.11978705153093773,0.1252406062596236,0.721672758036887,1.191238000038163
Fish - fresh,6. South West,1.4621607500724183,0.3213458432413702,0.2197746336888434,0.8323228973193327,2.091998602825504
Fish - frozen,6. South West,5.312049017050934,0.532236294073018,0.10019416092822449,4.268865880667819,6.3552321534340495
Fish - smoked,6. South West,3.453435113895205,0.5330415295762061,0.154351106071594,2.408673715925841,4.498196511864569
Fresh milk,6. South West,0.9649567062839242,0.9227339127282029,0.956243846712748,0,2.7735151752312017
Fresh pepper,6. South West,8.706786706826234,0.46435080641436915,0.05333205257575818,7.79665912625407,9.616914287398398
Fruit juice,6. South West,0.17060211087611507,0.06568458078207501,0.38501622544267766,0.04186033254324806,0.2993438892089821
Garden eggs/Eggplant,6. South West,0.3102590589285628,0.09910180516931527,0.31941631458417297,0.11601952079670488,0.5044985970604208
Gari - white,6. South West,13.5762309668527,1.057376405920673,0.07788438547505049,11.50377321124818,15.64868872245722
Gari - yellow,6. South West,2.936221704146628,0.7620269983554369,0.25952638292921737,1.4426487873699716,4.429794620923284
Gin,6. South West,0.03622289792419439,0.026676919380356694,0.7364656311094965,0,0.0885096599096935
Goat,6. South West,0.13086848606288076,0.07281427957463406,0.5563927708283235,0,0.2735844740291635
Ground pepper,6. South West,0.05590695592791685,0.012274507376520957,0.21955241834928355,0.03184892146993577,0.07996499038589792
Groundnut oil,6. South West,2.7807656315317573,0.30605638956794956,0.11006191463872539,2.180895107978576,3.3806361550849386
Groundnuts - shelled,6. South West,0.3537741486251015,0.06365121819185404,0.179920490061884,0.22901776096906756,0.4785305362811354
Groundnuts - unshelled,6. South West,0.020400863465056283,0.009721403455865689,0.476519215596783,0.001346912691559534,0.03945481423855303
Guava,6. South West,0.02327416732273936,0.01730495284230094,0.7435261851621058,0,0.0571918748936492
Guinea corn / sorghum,6. South West,0.7763263826746565,0.667302712423143,0.8595646461532105,0,2.0842396990240166
Honey,6. South West,0.0560991334318241,0.016211793751590535,0.28898474468045626,0.02432401767870665,0.08787424918494155
Kola nut,6. South West,0.0178917912093111,0.005307722344162313,0.29665684570475603,0.007488655414752967,0.028294927003869236
Leaves,6. South West,5.479802873948258,0.41057554383763484,0.07492523969969209,4.675074808026494,6.284530939870022
Local eggs,6. South West,0.03133945123401885,0.012654185051296604,0.40377813117418393,0.006537248533477508,0.05614165393456019
Maize - shelled/off cob,6. South West,0.9488565052738088,0.33431231012593027,0.3523317891249096,0.29360437742698553,1.604108633120632
Maize - unshelled/on cob,6. South West,0.030296692277377746,0.021904494892329263,0.7229995503068545,0,0.0732295022663431
Maize flour,6. South West,0.9885618644394539,0.5044282002991037,0.5102646768446106,0,1.9772411370256973
Malt drinks,6. South West,0.7263743205293235,0.21022342395853066,0.2894147246358278,0.3143364095706034,1.1384122314880436
Mangoes,6. South West,1.5246362860745275,0.581089740751932,0.3811333536131824,0.38570039420074087,2.663572177948314
Meat pie/Sausage roll,6. South West,0.032171768315394096,0.019031124165998076,0.5915473460901352,0,0.06947277168075033
Melon - ground,6. South West,0.2305927474170519,0.02559682677915923,0.1110044746241069,0.18042296692989981,0.280762527904204
Melon - shelled,6. South West,0.5671443077006271,0.06769858650887157,0.11936747947509502,0.4344550781432388,0.6998335372580153
Melon - unshelled,6. South West,0.027029748600416778,0.014604044964644501,0.540295256923674,0,0.05565367673112
Milk - tinned,6. South West,0.13813617857676527,0.02623223863915821,0.18990129095384223,0.08672099084401519,0.18955136630951536
Milk powder,6. South West,0.29768811522326183,0.036462233392359066,0.12248467952781021,0.22622213777423805,0.3691540926722856
Millet,6. South West,0.38414838771313004,0.29785246057615394,0.7753578307312351,0,0.9679392104423918
Mutton,6. South West,0,0,NA,0,0
Ogbono - ground,6. South West,0.0654109000938956,0.018366199208074536,0.2807819366758499,0.029413149646069503,0.10140865054172168
Ogbono - unground,6. South West,0.03875218545586083,0.010207194391850768,0.2633966129078546,0.018746084447833326,0.05875828646388834
Okra - dried,6. South West,0.06143729541019017,0.0296567670001415,0.48271602456026313,0.0033100320899128316,0.11956455873046751
Okra - fresh,6. South West,2.070167859306309,0.20400340462534983,0.09854437827747417,1.6703211862406233,2.4700145323719944
Onions,6. South West,8.672226672344754,0.387562493767515,0.04469007884715815,7.912604184560425,9.431849160129083
Orange/Tangerine,6. South West,4.464702070258247,0.46445964982655663,0.10402925940357122,3.5543611565981963,5.3750429839182985
Other alcoholic beverages,6. South West,0,0,NA,0,0
Other domestic poultry,6. South West,0.017731269348662173,0.017614285813391,0.9934024162077263,0,0.05225526954290853
Other eggs,6. South West,0,0,NA,0,0
Other fish/seafood,6. South West,0,0,NA,0,0
Other fruits,6. South West,0.02200409796904897,0.01029393625994882,0.467819052361442,0.0018279828995492846,0.04218021303854866
Other grains/flour,6. South West,1.5480833048144718,0.3716869633205925,0.2400949368581537,0.8195768567061105,2.276589752922833
Other meat,6. South West,0.28060970588439277,0.06797983527076155,0.2422576049410361,0.14736922875370012,0.4138501830150854
Other non-alcoholic drinks,6. South West,0,0,NA,0,0
Other nuts/seeds/pulses,6. South West,0.014978479130985259,0.010022229608222527,0.6691086271562794,0,0.03462204916310141
Other oil/fat,6. South West,0.01959445214663378,0.01803399775563645,0.9203624383412318,0,0.05494108774768122
Other spices,6. South West,0.2830059938395377,0.03436459349975339,0.12142708722712729,0.21565139058002103,0.3503605970990543
Other vegetables,6. South West,0.12558572561868292,0.050034366992290094,0.3984080734160019,0.02751836631379434,0.2236530849235715
Palm oil,6. South West,7.589989925094037,0.6844597160876277,0.09017926543283883,6.248448881562287,8.931530968625788
Palm wine,6. South West,0.41289853965941636,0.14996474973435622,0.36320000031498345,0.11896763018007817,0.7068294491387546
Pawpaw,6. South West,5.290791058179525,0.9243975727958161,0.17471821559966996,3.478971815499725,7.102610300859324
Pineapples,6. South West,3.670499387345102,0.6610277004845994,0.18009203400595725,2.3748850943952875,4.966113680294917
Pito,6. South West,0.002043358859808882,0.0020586826680816313,1.0074993230871754,0,0.006078376889248879
Plantains,6. South West,6.643044589949639,0.7133139147358328,0.10737755935208022,5.244949317067407,8.041139862831871
Pork,6. South West,0.015857000153719134,0.015908871144008196,1.0032711729700585,0,0.0470383875959752
Potatoes,6. South West,0.21992173113144128,0.10472341073631727,0.47618491450363726,0.014663846088259436,0.42517961617462313
Rice - imported,6. South West,13.363369855840292,1.0129296011960716,0.0757989647913085,11.378027837495992,15.348711874184591
Rice - local,6. South West,8.242527130312624,1.3932402966003914,0.16903072013880632,5.511776148975857,10.97327811164939
Sachet water,6. South West,126.57367219474509,16.003629316439213,0.12643726802692568,95.20655873452424,157.94078565496594
Salt,6. South West,1.3117789159468562,0.10388147695321741,0.07919129945630711,1.1081712211185502,1.5153866107751623
Seafood,6. South West,0.005888937319360963,0.0027138710884244224,0.46084224389722617,5.697499860490953e-4,0.011208124652672832
Snails,6. South West,0.015039334437528374,0.010332812962494158,0.6870525424788874,0,0.03529164784401692
Soft drinks,6. South West,3.7401893479537596,0.4090299295133538,0.10936075461985159,2.938490686107586,4.5418880097999335
Soya beans,6. South West,0.03874944825319219,0.01612344112424539,0.41609472782408297,0.007147503649671226,0.07035139285671316
Sugar,6. South West,0.8229756046135862,0.09457147291790083,0.11491406596712574,0.6376155176945006,1.0083356915326718
Sweet potatoes,6. South West,2.2804753095545807,0.4649229452359699,0.20387107165250476,1.3692263368920798,3.1917242822170815
Tea,6. South West,0.0778949611915743,0.01323310737599322,0.16988399729024595,0.05195807073462759,0.103831851648521
Tomato puree - canned,6. South West,0.4017164929288935,0.08193111438930671,0.2039525780780155,0.24113150872585234,0.5623014771319347
Tomatoes,6. South West,14.078653512961033,0.8911281668976418,0.06329640587271042,12.332042305841656,15.82526472008041
Watermelon,6. South West,7.245094897774318,1.0686628776116367,0.1475015707440807,5.15051565765551,9.339674137893127
Wheat flour,6. South West,2.361135257957873,0.37194474239283076,0.15752792693228546,1.6321235628679247,3.090146953047821
White beans,6. South West,2.9796727841904715,0.4875821997813625,0.16363615574447402,2.024011672619001,3.935333895761942
Wild game/Bush meat,6. South West,0.8516360714063248,0.2556139100175134,0.30014453191891305,0.35063280777199857,1.3526393350406511
Yam flour,6. South West,4.952912347913766,0.616613578278794,0.12449515254161929,3.7443497344873293,6.161474961340202
Yam roots,6. South West,51.63589043267475,4.12216724797403,0.07983143533369878,43.55644262664565,59.71533823870385
